1110686747,access_log,210.116.59.164," ""POST /_vti_bin/_vti_aut/fp30reg.dll HTTP/1.1"" 404 1063 ""-"" ""-"""
1110686792,access_log,210.116.59.164," ""POST /_vti_bin/_vti_aut/fp30reg.dll HTTP/1.1"" 404 1063 ""-"" ""-"""
1110686839,access_log,210.116.59.164," ""POST /_vti_bin/_vti_aut/fp30reg.dll HTTP/1.1"" 404 1063 ""-"" ""-"""
1110686891,access_log,210.116.59.164," ""POST /_vti_bin/_vti_aut/fp30reg.dll HTTP/1.1"" 404 1063 ""-"" ""-"""
1110686940,access_log,210.116.59.164," ""POST /_vti_bin/_vti_aut/fp30reg.dll HTTP/1.1"" 404 1063 ""-"" ""-"""
1110687018,access_log,211.141.115.145," ""GET / HTTP/1.1"" 403 2898 ""-"" ""Mozilla/4.0 (compatible; MSIE 5.5; Windows 98)"""
1110701007,access_log,66.30.71.74," ""GET /scripts/nsiislog.dll HTTP/1.1"" 404 1050 ""-"" ""-"""
1110710171,access_log,218.1.111.50," ""GET http://www.yahoo.com/ HTTP/1.1"" 403 2898 ""-"" ""Mozilla/4.0 (compatible; MSIE 4.01; Windows 95)"""
1110710171,access_log,218.1.111.50," ""GET http://www.yahoo.com/ HTTP/1.1"" 403 2898 ""-"" ""Mozilla/4.0 (compatible; MSIE 4.01; Windows 95)"""
1110710171,access_log,218.1.111.50," ""GET http://www.yahoo.com/ HTTP/1.1"" 403 2898 ""-"" ""Mozilla/4.0 (compatible; MSIE 4.01; Windows 95)"""
1110710171,access_log,218.1.111.50," ""GET http://www.yahoo.com/ HTTP/1.1"" 403 2898 ""-"" ""Mozilla/4.0 (compatible; MSIE 4.01; Windows 95)"""
1110710171,access_log,218.1.111.50," ""GET http://www.yahoo.com/ HTTP/1.1"" 403 2898 ""-"" ""Mozilla/4.0 (compatible; MSIE 4.01; Windows 95)"""
1110710171,access_log,218.1.111.50," ""GET http://www.yahoo.com/ HTTP/1.1"" 403 2898 ""-"" ""Mozilla/4.0 (compatible; MSIE 4.01; Windows 95)"""
1110710171,access_log,218.1.111.50," ""GET http://www.yahoo.com/ HTTP/1.1"" 403 2898 ""-"" ""Mozilla/4.0 (compatible; MSIE 4.01; Windows 95)"""
1110710172,access_log,218.1.111.50," ""GET http://www.yahoo.com/ HTTP/1.1"" 403 2898 ""-"" ""Mozilla/4.0 (compatible; MSIE 4.01; Windows 95)"""
1110710172,access_log,218.1.111.50," ""GET http://www.yahoo.com/ HTTP/1.1"" 403 2898 ""-"" ""Mozilla/4.0 (compatible; MSIE 4.01; Windows 95)"""
1110710172,access_log,218.1.111.50," ""GET http://www.yahoo.com/ HTTP/1.1"" 403 2898 ""-"" ""Mozilla/4.0 (compatible; MSIE 4.01; Windows 95)"""
1110710172,access_log,218.1.111.50," ""GET http://www.yahoo.com/ HTTP/1.1"" 403 2898 ""-"" ""Mozilla/4.0 (compatible; MSIE 4.01; Windows 95)"""
1110710172,access_log,218.1.111.50," ""GET http://www.yahoo.com/ HTTP/1.1"" 403 2898 ""-"" ""Mozilla/4.0 (compatible; MSIE 4.01; Windows 95)"""
1110710172,access_log,218.1.111.50," ""GET http://www.yahoo.com/ HTTP/1.1"" 403 2898 ""-"" ""Mozilla/4.0 (compatible; MSIE 4.01; Windows 95)"""
1110710173,access_log,218.1.111.50," ""GET http://www.yahoo.com/ HTTP/1.1"" 403 2898 ""-"" ""Mozilla/4.0 (compatible; MSIE 4.01; Windows 95)"""
1110710173,access_log,218.1.111.50," ""GET http://www.yahoo.com/ HTTP/1.1"" 403 2898 ""-"" ""Mozilla/4.0 (compatible; MSIE 4.01; Windows 95)"""
1110710173,access_log,218.1.111.50," ""GET http://www.yahoo.com/ HTTP/1.1"" 403 2898 ""-"" ""Mozilla/4.0 (compatible; MSIE 4.01; Windows 95)"""
1110710173,access_log,218.1.111.50," ""GET http://www.yahoo.com/ HTTP/1.1"" 403 2898 ""-"" ""Mozilla/4.0 (compatible; MSIE 4.01; Windows 95)"""
1110710174,access_log,218.1.111.50," ""GET http://www.yahoo.com/ HTTP/1.1"" 403 2898 ""-"" ""Mozilla/4.0 (compatible; MSIE 4.01; Windows 95)"""
1110710174,access_log,218.1.111.50," ""GET http://www.yahoo.com/ HTTP/1.1"" 403 2898 ""-"" ""Mozilla/4.0 (compatible; MSIE 4.01; Windows 95)"""
1110710174,access_log,218.1.111.50," ""GET http://www.yahoo.com/ HTTP/1.1"" 403 2898 ""-"" ""Mozilla/4.0 (compatible; MSIE 4.01; Windows 95)"""
1110710174,access_log,218.1.111.50," ""GET http://www.yahoo.com/ HTTP/1.1"" 403 2898 ""-"" ""Mozilla/4.0 (compatible; MSIE 4.01; Windows 95)"""
1110712918,access_log,66.131.126.31," ""GET / HTTP/1.1"" 403 2898 ""-"" ""Mozilla/4.0 (compatible; MSIE 5.5; Windows 98)"""
1110714119,access_log,69.158.7.209," ""GET / HTTP/1.1"" 403 2898 ""-"" ""Mozilla/4.0 (compatible; MSIE 5.5; Windows 98)"""
1110719133,access_log,213.129.21.137," ""GET / HTTP/1.1"" 403 2898 ""-"" ""Mozilla/4.0 (compatible; MSIE 5.5; Windows 98)"""
1110721694,access_log,24.23.244.160," ""GET /scripts/root.exe?/c+dir HTTP/1.0"" 404 1041 ""-"" ""-"""
1110721696,access_log,24.23.244.160," ""GET /MSADC/root.exe?/c+dir HTTP/1.0"" 404 1041 ""-"" ""-"""
1110721698,access_log,24.23.244.160," ""GET /c/winnt/system32/cmd.exe?/c+dir HTTP/1.0"" 404 1041 ""-"" ""-"""
1110721700,access_log,24.23.244.160," ""GET /d/winnt/system32/cmd.exe?/c+dir HTTP/1.0"" 404 1041 ""-"" ""-"""
1110721702,access_log,24.23.244.160," ""GET /scripts/..%255c../winnt/system32/cmd.exe?/c+dir HTTP/1.0"" 404 1041 ""-"" ""-"""
1110721704,access_log,24.23.244.160," ""GET /_vti_bin/..%255c../..%255c../..%255c../winnt/system32/cmd.exe?/c+dir HTTP/1.0"" 404 1041 ""-"" ""-"""
1110721706,access_log,24.23.244.160," ""GET /_mem_bin/..%255c../..%255c../..%255c../winnt/system32/cmd.exe?/c+dir HTTP/1.0"" 404 1041 ""-"" ""-"""
1110721708,access_log,24.23.244.160," ""GET /msadc/..%255c../..%255c../..%255c/..%c1%1c../..%c1%1c../..%c1%1c../winnt/system32/cmd.exe?/c+dir HTTP/1.0"" 404 1041 ""-"" ""-"""
1110721709,access_log,24.23.244.160," ""GET /scripts/..%c1%1c../winnt/system32/cmd.exe?/c+dir HTTP/1.0"" 404 1041 ""-"" ""-"""
1110721711,access_log,24.23.244.160," ""GET /scripts/..%c0%2f../winnt/system32/cmd.exe?/c+dir HTTP/1.0"" 404 1041 ""-"" ""-"""
1110721712,access_log,24.23.244.160," ""GET /scripts/..%c0%af../winnt/system32/cmd.exe?/c+dir HTTP/1.0"" 404 1041 ""-"" ""-"""
1110721715,access_log,24.23.244.160," ""GET /scripts/..%c1%9c../winnt/system32/cmd.exe?/c+dir HTTP/1.0"" 404 1041 ""-"" ""-"""
1110721716,access_log,24.23.244.160," ""GET /scripts/..%%35%63../winnt/system32/cmd.exe?/c+dir HTTP/1.0"" 400 974 ""-"" ""-"""
1110721718,access_log,24.23.244.160," ""GET /scripts/..%%35c../winnt/system32/cmd.exe?/c+dir HTTP/1.0"" 400 974 ""-"" ""-"""
1110721720,access_log,24.23.244.160," ""GET /scripts/..%25%35%63../winnt/system32/cmd.exe?/c+dir HTTP/1.0"" 404 1041 ""-"" ""-"""
1110721722,access_log,24.23.244.160," ""GET /scripts/..%252f../winnt/system32/cmd.exe?/c+dir HTTP/1.0"" 404 1041 ""-"" ""-"""
1110726164,access_log,24.130.169.87," ""GET / HTTP/1.1"" 403 2898 ""-"" ""Mozilla/4.0 (compatible; MSIE 5.5; Windows 98)"""
1110729667,access_log,221.237.66.208," ""GET / HTTP/1.1"" 403 2898 ""-"" ""Mozilla/4.0 (compatible; MSIE 5.5; Windows 98)"""
1110735346,access_log,208.46.133.177," ""GET / HTTP/1.1"" 403 2898 ""-"" ""Mozilla/4.0 (compatible; MSIE 5.5; Windows 98)"""
1110737151,access_log,218.88.202.208," ""GET / HTTP/1.1"" 403 2898 ""-"" ""Mozilla/4.0 (compatible; MSIE 5.5; Windows 98)"""
1110738445,access_log,219.186.156.26," ""GET / HTTP/1.1"" 403 2898 ""-"" ""Mozilla/4.0 (compatible; MSIE 5.5; Windows 98)"""
1110744972,access_log,65.202.33.226," ""GET / HTTP/1.1"" 403 2898 ""-"" ""Mozilla/4.0 (compatible; MSIE 5.5; Windows 98)"""
1110749098,access_log,208.39.169.124," ""GET / HTTP/1.1"" 403 2898 ""-"" ""Mozilla/4.0 (compatible; MSIE 5.5; Windows 98)"""
1110751905,access_log,220.110.29.27," ""GET / HTTP/1.1"" 400 308 ""-"" ""-"""
1110751905,access_log,220.110.29.27," ""GET / HTTP/1.1"" 400 308 ""-"" ""-"""
1110751905,access_log,220.110.29.27," ""GET / HTTP/1.1"" 400 308 ""-"" ""-"""
1110751906,access_log,220.110.29.27," ""GET / HTTP/1.1"" 400 308 ""-"" ""-"""
1110751906,access_log,220.110.29.27," ""GET / HTTP/1.1"" 400 308 ""-"" ""-"""
1110751906,access_log,220.110.29.27," ""GET / HTTP/1.1"" 400 308 ""-"" ""-"""
1110751906,access_log,220.110.29.27," ""GET / HTTP/1.1"" 400 308 ""-"" ""-"""
1110751906,access_log,220.110.29.27," ""GET / HTTP/1.1"" 400 308 ""-"" ""-"""
1110751906,access_log,220.110.29.27," ""GET / HTTP/1.1"" 400 308 ""-"" ""-"""
1110751906,access_log,220.110.29.27," ""GET / HTTP/1.1"" 400 308 ""-"" ""-"""
1110751907,access_log,220.110.29.27," ""GET / HTTP/1.1"" 400 308 ""-"" ""-"""
1110751907,access_log,220.110.29.27," ""GET / HTTP/1.1"" 400 308 ""-"" ""-"""
1110751907,access_log,220.110.29.27," ""GET / HTTP/1.1"" 400 308 ""-"" ""-"""
1110751907,access_log,220.110.29.27," ""GET / HTTP/1.1"" 400 308 ""-"" ""-"""
1110751907,access_log,220.110.29.27," ""GET / HTTP/1.1"" 400 308 ""-"" ""-"""
1110751907,access_log,220.110.29.27," ""GET / HTTP/1.1"" 400 308 ""-"" ""-"""
1110751907,access_log,220.110.29.27," ""GET / HTTP/1.1"" 400 308 ""-"" ""-"""
1110751907,access_log,220.110.29.27," ""GET / HTTP/1.1"" 400 308 ""-"" ""-"""
1110751907,access_log,220.110.29.27," ""GET / HTTP/1.1"" 400 308 ""-"" ""-"""
1110751907,access_log,220.110.29.27," ""GET / HTTP/1.1"" 400 308 ""-"" ""-"""
1110751907,access_log,220.110.29.27," ""GET / HTTP/1.1"" 400 308 ""-"" ""-"""
1110751908,access_log,220.110.29.27," ""GET / HTTP/1.1"" 400 308 ""-"" ""-"""
1110751908,access_log,220.110.29.27," ""GET / HTTP/1.1"" 400 308 ""-"" ""-"""
1110753511,access_log,61.205.6.71," ""GET / HTTP/1.1"" 403 2898 ""-"" ""Mozilla/4.0 (compatible; MSIE 5.5; Windows 98)"""
1110758852,access_log,68.191.137.235," ""GET / HTTP/1.1"" 403 2898 ""-"" ""Mozilla/4.0 (compatible; MSIE 5.5; Windows 98)"""
1110768521,access_log,157.91.44.1," ""GET / HTTP/1.1"" 403 2898 ""-"" ""Mozilla/4.0 (compatible; MSIE 5.5; Windows 98)"""
1110773466,access_log,209.213.220.227," ""GET / HTTP/1.1"" 403 2898 ""-"" ""Mozilla/4.0 (compatible; MSIE 5.5; Windows 98)"""
1110775614,access_log,218.201.121.99," ""GET / HTTP/1.1"" 403 2898 ""-"" ""Mozilla/4.0 (compatible; MSIE 5.5; Windows 98)"""
1110783205,access_log,222.166.160.63," ""GET / HTTP/1.1"" 403 2898 ""-"" ""Mozilla/4.0 (compatible; MSIE 5.5; Windows 98)"""
1110789835,access_log,66.21.127.198," ""GET / HTTP/1.1"" 403 2898 ""-"" ""Mozilla/4.0 (compatible; MSIE 5.5; Windows 98)"""
1110796823,access_log,24.185.27.145," ""GET / HTTP/1.1"" 403 2898 ""-"" ""Mozilla/4.0 (compatible; MSIE 5.5; Windows 98)"""
1110798760,access_log,69.246.7.31," ""GET /scripts/root.exe?/c+dir HTTP/1.0"" 404 1041 ""-"" ""-"""
1110798760,access_log,69.246.7.31," ""GET /MSADC/root.exe?/c+dir HTTP/1.0"" 404 1041 ""-"" ""-"""
1110798760,access_log,69.246.7.31," ""GET /c/winnt/system32/cmd.exe?/c+dir HTTP/1.0"" 404 1041 ""-"" ""-"""
1110798761,access_log,69.246.7.31," ""GET /d/winnt/system32/cmd.exe?/c+dir HTTP/1.0"" 404 1041 ""-"" ""-"""
1110798761,access_log,69.246.7.31," ""GET /scripts/..%255c../winnt/system32/cmd.exe?/c+dir HTTP/1.0"" 404 1041 ""-"" ""-"""
1110798761,access_log,69.246.7.31," ""GET /_vti_bin/..%255c../..%255c../..%255c../winnt/system32/cmd.exe?/c+dir HTTP/1.0"" 404 1041 ""-"" ""-"""
1110798762,access_log,69.246.7.31," ""GET /_mem_bin/..%255c../..%255c../..%255c../winnt/system32/cmd.exe?/c+dir HTTP/1.0"" 404 1041 ""-"" ""-"""
1110798762,access_log,69.246.7.31," ""GET /msadc/..%255c../..%255c../..%255c/..%c1%1c../..%c1%1c../..%c1%1c../winnt/system32/cmd.exe?/c+dir HTTP/1.0"" 404 1041 ""-"" ""-"""
1110798762,access_log,69.246.7.31," ""GET /scripts/..%c1%1c../winnt/system32/cmd.exe?/c+dir HTTP/1.0"" 404 1041 ""-"" ""-"""
1110798762,access_log,69.246.7.31," ""GET /scripts/..%c0%2f../winnt/system32/cmd.exe?/c+dir HTTP/1.0"" 404 1041 ""-"" ""-"""
1110798762,access_log,69.246.7.31," ""GET /scripts/..%c0%af../winnt/system32/cmd.exe?/c+dir HTTP/1.0"" 404 1041 ""-"" ""-"""
1110798763,access_log,69.246.7.31," ""GET /scripts/..%c1%9c../winnt/system32/cmd.exe?/c+dir HTTP/1.0"" 404 1041 ""-"" ""-"""
1110798763,access_log,69.246.7.31," ""GET /scripts/..%%35%63../winnt/system32/cmd.exe?/c+dir HTTP/1.0"" 400 974 ""-"" ""-"""
1110798763,access_log,69.246.7.31," ""GET /scripts/..%%35c../winnt/system32/cmd.exe?/c+dir HTTP/1.0"" 400 974 ""-"" ""-"""
1110798763,access_log,69.246.7.31," ""GET /scripts/..%25%35%63../winnt/system32/cmd.exe?/c+dir HTTP/1.0"" 404 1041 ""-"" ""-"""
1110798763,access_log,69.246.7.31," ""GET /scripts/..%252f../winnt/system32/cmd.exe?/c+dir HTTP/1.0"" 404 1041 ""-"" ""-"""
1110809436,access_log,67.170.0.153," ""GET /scripts/root.exe?/c+dir HTTP/1.0"" 404 1041 ""-"" ""-"""
1110809437,access_log,67.170.0.153," ""GET /MSADC/root.exe?/c+dir HTTP/1.0"" 404 1041 ""-"" ""-"""
1110809437,access_log,67.170.0.153," ""GET /c/winnt/system32/cmd.exe?/c+dir HTTP/1.0"" 404 1041 ""-"" ""-"""
1110809437,access_log,67.170.0.153," ""GET /d/winnt/system32/cmd.exe?/c+dir HTTP/1.0"" 404 1041 ""-"" ""-"""
1110809438,access_log,67.170.0.153," ""GET /scripts/..%255c../winnt/system32/cmd.exe?/c+dir HTTP/1.0"" 404 1041 ""-"" ""-"""
1110809441,access_log,67.170.0.153," ""GET /_vti_bin/..%255c../..%255c../..%255c../winnt/system32/cmd.exe?/c+dir HTTP/1.0"" 404 1041 ""-"" ""-"""
1110809442,access_log,67.170.0.153," ""GET /_mem_bin/..%255c../..%255c../..%255c../winnt/system32/cmd.exe?/c+dir HTTP/1.0"" 404 1041 ""-"" ""-"""
1110809442,access_log,67.170.0.153," ""GET /msadc/..%255c../..%255c../..%255c/..%c1%1c../..%c1%1c../..%c1%1c../winnt/system32/cmd.exe?/c+dir HTTP/1.0"" 404 1041 ""-"" ""-"""
1110809443,access_log,67.170.0.153," ""GET /scripts/..%c1%1c../winnt/system32/cmd.exe?/c+dir HTTP/1.0"" 404 1041 ""-"" ""-"""
1110809443,access_log,67.170.0.153," ""GET /scripts/..%c0%2f../winnt/system32/cmd.exe?/c+dir HTTP/1.0"" 404 1041 ""-"" ""-"""
1110809443,access_log,67.170.0.153," ""GET /scripts/..%c0%af../winnt/system32/cmd.exe?/c+dir HTTP/1.0"" 404 1041 ""-"" ""-"""
1110809444,access_log,67.170.0.153," ""GET /scripts/..%c1%9c../winnt/system32/cmd.exe?/c+dir HTTP/1.0"" 404 1041 ""-"" ""-"""
1110809444,access_log,67.170.0.153," ""GET /scripts/..%%35%63../winnt/system32/cmd.exe?/c+dir HTTP/1.0"" 400 974 ""-"" ""-"""
1110809444,access_log,67.170.0.153," ""GET /scripts/..%%35c../winnt/system32/cmd.exe?/c+dir HTTP/1.0"" 400 974 ""-"" ""-"""
1110809444,access_log,67.170.0.153," ""GET /scripts/..%25%35%63../winnt/system32/cmd.exe?/c+dir HTTP/1.0"" 404 1041 ""-"" ""-"""
1110809445,access_log,67.170.0.153," ""GET /scripts/..%252f../winnt/system32/cmd.exe?/c+dir HTTP/1.0"" 404 1041 ""-"" ""-"""
1110813217,access_log,222.166.160.3," ""GET / HTTP/1.1"" 403 2898 ""-"" ""Mozilla/4.0 (compatible; MSIE 5.5; Windows 98)"""
1110816072,access_log,61.10.7.140," ""GET / HTTP/1.1"" 403 2898 ""-"" ""Mozilla/4.0 (compatible; MSIE 5.5; Windows 98)"""
1110819867,access_log,61.232.252.176," ""GET / HTTP/1.1"" 403 2898 ""-"" ""Mozilla/4.0 (compatible; MSIE 5.5; Windows 98)"""
1110836931,access_log,219.133.25.250," ""GET / HTTP/1.1"" 403 2898 ""-"" ""Mozilla/4.0 (compatible; MSIE 5.5; Windows 98)"""
1110837042,access_log,139.68.4.4," ""GET / HTTP/1.1"" 403 2898 ""-"" ""Mozilla/4.0 (compatible; MSIE 5.5; Windows 98)"""
1110839736,access_log,204.102.106.103," ""GET / HTTP/1.1"" 403 2898 ""-"" ""Mozilla/4.0 (compatible; MSIE 5.5; Windows 98)"""
1110849888,access_log,61.10.7.68," ""GET / HTTP/1.1"" 403 2898 ""-"" ""Mozilla/4.0 (compatible; MSIE 5.5; Windows 98)"""
1110850112,access_log,67.136.86.162," ""GET / HTTP/1.1"" 403 2898 ""-"" ""Mozilla/4.0 (compatible; MSIE 5.5; Windows 98)"""
1110851183,access_log,157.91.48.191," ""GET / HTTP/1.1"" 403 2898 ""-"" ""Mozilla/4.0 (compatible; MSIE 5.5; Windows 98)"""
1110856839,access_log,67.154.159.190," ""GET / HTTP/1.1"" 403 2898 ""-"" ""Mozilla/4.0 (compatible; MSIE 5.5; Windows 98)"""
1110863209,access_log,81.181.146.13," ""GET //cgi-bin/awstats/awstats.pl?configdir=|%20id%20| HTTP/1.1"" 404 1050 ""-"" ""Mozilla/4.0 (compatible; MSIE 6.0; Windows 98)"""
1110863209,access_log,81.181.146.13," ""GET //cgi-bin/awstats/awstats.pl?configdir=|%20id%20| HTTP/1.1"" 404 1050 ""-"" ""Mozilla/4.0 (compatible; MSIE 6.0; Windows 98)"""
1110863210,access_log,81.181.146.13," ""GET //cgi-bin/awstats/awstats.pl?configdir=|%20id%20| HTTP/1.1"" 404 1050 ""-"" ""Mozilla/4.0 (compatible; MSIE 6.0; Windows 98)"""
1110863210,access_log,81.181.146.13," ""GET //cgi-bin/awstats/awstats.pl?configdir=|%20id%20| HTTP/1.1"" 404 1050 ""-"" ""Mozilla/4.0 (compatible; MSIE 6.0; Windows 98)"""
1110863211,access_log,81.181.146.13," ""GET //cgi-bin/awstats/awstats.pl?configdir=|%20id%20| HTTP/1.1"" 404 1050 ""-"" ""Mozilla/4.0 (compatible; MSIE 6.0; Windows 98)"""
1110863212,access_log,81.181.146.13," ""GET //cgi-bin/awstats/awstats.pl?configdir=|%20id%20| HTTP/1.1"" 404 1051 ""-"" ""Mozilla/4.0 (compatible; MSIE 6.0; Windows 98)"""
1110863212,access_log,81.181.146.13," ""GET //cgi-bin/awstats/awstats.pl?configdir=|%20id%20| HTTP/1.1"" 404 1050 ""-"" ""Mozilla/4.0 (compatible; MSIE 6.0; Windows 98)"""
1110863212,access_log,81.181.146.13," ""GET //cgi-bin/awstats/awstats.pl?configdir=|%20id%20| HTTP/1.1"" 404 1050 ""-"" ""Mozilla/4.0 (compatible; MSIE 6.0; Windows 98)"""
1110863213,access_log,81.181.146.13," ""GET //cgi-bin/awstats/awstats.pl?configdir=|%20id%20| HTTP/1.1"" 404 1050 ""-"" ""Mozilla/4.0 (compatible; MSIE 6.0; Windows 98)"""
1110863213,access_log,81.181.146.13," ""GET //cgi-bin/awstats/awstats.pl?configdir=|%20id%20| HTTP/1.1"" 404 1051 ""-"" ""Mozilla/4.0 (compatible; MSIE 6.0; Windows 98)"""
1110863212,access_log,81.181.146.13," ""GET //cgi-bin/awstats/awstats.pl?configdir=|%20id%20| HTTP/1.1"" 404 1050 ""-"" ""Mozilla/4.0 (compatible; MSIE 6.0; Windows 98)"""
1110863213,access_log,81.181.146.13," ""GET //cgi-bin/awstats/awstats.pl?configdir=|%20id%20| HTTP/1.1"" 404 1051 ""-"" ""Mozilla/4.0 (compatible; MSIE 6.0; Windows 98)"""
1110863212,access_log,81.181.146.13," ""GET //cgi-bin/awstats/awstats.pl?configdir=|%20id%20| HTTP/1.1"" 404 1051 ""-"" ""Mozilla/4.0 (compatible; MSIE 6.0; Windows 98)"""
1110863213,access_log,81.181.146.13," ""GET //cgi-bin/awstats.pl?configdir=|%20id%20| HTTP/1.1"" 500 1097 ""-"" ""Mozilla/4.0 (compatible; MSIE 6.0; Windows 98)"""
1110863213,access_log,81.181.146.13," ""GET //cgi-bin/awstats/awstats.pl?configdir=|%20id%20| HTTP/1.1"" 404 1051 ""-"" ""Mozilla/4.0 (compatible; MSIE 6.0; Windows 98)"""
1110863212,access_log,81.181.146.13," ""GET //cgi-bin/awstats.pl?configdir=|%20id%20| HTTP/1.1"" 500 1097 ""-"" ""Mozilla/4.0 (compatible; MSIE 6.0; Windows 98)"""
1110863212,access_log,81.181.146.13," ""GET //cgi-bin/awstats.pl?configdir=|%20id%20| HTTP/1.1"" 500 1097 ""-"" ""Mozilla/4.0 (compatible; MSIE 6.0; Windows 98)"""
1110863212,access_log,81.181.146.13," ""GET //cgi-bin/awstats.pl?configdir=|%20id%20| HTTP/1.1"" 500 1097 ""-"" ""Mozilla/4.0 (compatible; MSIE 6.0; Windows 98)"""
1110863213,access_log,81.181.146.13," ""GET //cgi-bin/awstats.pl?configdir=|%20id%20| HTTP/1.1"" 500 1097 ""-"" ""Mozilla/4.0 (compatible; MSIE 6.0; Windows 98)"""
1110863214,access_log,81.181.146.13," ""GET //cgi-bin/awstats.pl?configdir=|%20id%20| HTTP/1.1"" 500 1098 ""-"" ""Mozilla/4.0 (compatible; MSIE 6.0; Windows 98)"""
1110863214,access_log,81.181.146.13," ""GET //cgi/awstats.pl?configdir=|%20id%20| HTTP/1.1"" 404 1050 ""-"" ""Mozilla/4.0 (compatible; MSIE 6.0; Windows 98)"""
1110863215,access_log,81.181.146.13," ""GET / HTTP/1.1"" 403 2898 ""-"" ""Mozilla/4.0 (compatible; MSIE 6.0; Windows 98)"""
1110863215,access_log,81.181.146.13," ""GET //cgi/awstats.pl?configdir=|%20id%20| HTTP/1.1"" 404 1050 ""-"" ""Mozilla/4.0 (compatible; MSIE 6.0; Windows 98)"""
1110863215,access_log,81.181.146.13," ""GET //cgi-bin/awstats.pl?configdir=|%20id%20| HTTP/1.1"" 500 1098 ""-"" ""Mozilla/4.0 (compatible; MSIE 6.0; Windows 98)"""
1110863215,access_log,81.181.146.13," ""GET //cgi/awstats.pl?configdir=|%20id%20| HTTP/1.1"" 404 1050 ""-"" ""Mozilla/4.0 (compatible; MSIE 6.0; Windows 98)"""
1110863216,access_log,81.181.146.13," ""GET //cgi-bin/awstats.pl?configdir=|%20id%20| HTTP/1.1"" 500 1097 ""-"" ""Mozilla/4.0 (compatible; MSIE 6.0; Windows 98)"""
1110863216,access_log,81.181.146.13," ""GET //cgi/awstats.pl?configdir=|%20id%20| HTTP/1.1"" 404 1050 ""-"" ""Mozilla/4.0 (compatible; MSIE 6.0; Windows 98)"""
1110863217,access_log,81.181.146.13," ""GET //cgi-bin/awstats.pl?configdir=|%20id%20| HTTP/1.1"" 500 1098 ""-"" ""Mozilla/4.0 (compatible; MSIE 6.0; Windows 98)"""
1110863217,access_log,81.181.146.13," ""GET / HTTP/1.1"" 403 2898 ""-"" ""Mozilla/4.0 (compatible; MSIE 6.0; Windows 98)"""
1110863217,access_log,81.181.146.13," ""GET //cgi-bin/awstats.pl?configdir=|%20id%20| HTTP/1.1"" 500 1097 ""-"" ""Mozilla/4.0 (compatible; MSIE 6.0; Windows 98)"""
1110863218,access_log,81.181.146.13," ""GET //cgi/awstats.pl?configdir=|%20id%20| HTTP/1.1"" 404 1051 ""-"" ""Mozilla/4.0 (compatible; MSIE 6.0; Windows 98)"""
1110863218,access_log,81.181.146.13," ""GET //cgi/awstats.pl?configdir=|%20id%20| HTTP/1.1"" 404 1050 ""-"" ""Mozilla/4.0 (compatible; MSIE 6.0; Windows 98)"""
1110863218,access_log,81.181.146.13," ""GET //cgi/awstats.pl?configdir=|%20id%20| HTTP/1.1"" 404 1051 ""-"" ""Mozilla/4.0 (compatible; MSIE 6.0; Windows 98)"""
1110863218,access_log,81.181.146.13," ""GET //cgi/awstats.pl?configdir=|%20id%20| HTTP/1.1"" 404 1050 ""-"" ""Mozilla/4.0 (compatible; MSIE 6.0; Windows 98)"""
1110863218,access_log,81.181.146.13," ""GET / HTTP/1.1"" 403 2898 ""-"" ""Mozilla/4.0 (compatible; MSIE 6.0; Windows 98)"""
1110863218,access_log,81.181.146.13," ""GET / HTTP/1.1"" 403 2898 ""-"" ""Mozilla/4.0 (compatible; MSIE 6.0; Windows 98)"""
1110863219,access_log,81.181.146.13," ""GET //cgi/awstats.pl?configdir=|%20id%20| HTTP/1.1"" 404 1051 ""-"" ""Mozilla/4.0 (compatible; MSIE 6.0; Windows 98)"""
1110863219,access_log,81.181.146.13," ""GET / HTTP/1.1"" 403 2898 ""-"" ""Mozilla/4.0 (compatible; MSIE 6.0; Windows 98)"""
1110863219,access_log,81.181.146.13," ""GET / HTTP/1.1"" 403 2898 ""-"" ""Mozilla/4.0 (compatible; MSIE 6.0; Windows 98)"""
1110863219,access_log,81.181.146.13," ""GET / HTTP/1.1"" 403 2898 ""-"" ""Mozilla/4.0 (compatible; MSIE 6.0; Windows 98)"""
1110863219,access_log,81.181.146.13," ""GET //cgi/awstats.pl?configdir=|%20id%20| HTTP/1.1"" 404 1050 ""-"" ""Mozilla/4.0 (compatible; MSIE 6.0; Windows 98)"""
1110863219,access_log,81.181.146.13," ""GET / HTTP/1.1"" 403 2898 ""-"" ""Mozilla/4.0 (compatible; MSIE 6.0; Windows 98)"""
1110863219,access_log,81.181.146.13," ""GET / HTTP/1.1"" 403 2898 ""-"" ""Mozilla/4.0 (compatible; MSIE 6.0; Windows 98)"""
1110863220,access_log,81.181.146.13," ""GET / HTTP/1.1"" 403 2898 ""-"" ""Mozilla/4.0 (compatible; MSIE 6.0; Windows 98)"""
1110863220,access_log,81.181.146.13," ""GET //cgi-bin/awstats.pl?configdir=|%20id%20| HTTP/1.1"" 500 1097 ""-"" ""Mozilla/4.0 (compatible; MSIE 6.0; Windows 98)"""
1110863220,access_log,81.181.146.13," ""GET / HTTP/1.1"" 403 2898 ""-"" ""Mozilla/4.0 (compatible; MSIE 6.0; Windows 98)"""
1110863220,access_log,81.181.146.13," ""GET / HTTP/1.1"" 403 2898 ""-"" ""Mozilla/4.0 (compatible; MSIE 6.0; Windows 98)"""
1110863220,access_log,81.181.146.13," ""GET //cgi-bin/awstats/awstats.pl?configdir=|%20id%20| HTTP/1.1"" 404 1050 ""-"" ""Mozilla/4.0 (compatible; MSIE 6.0; Windows 98)"""
1110863220,access_log,81.181.146.13," ""GET / HTTP/1.1"" 403 2898 ""-"" ""Mozilla/4.0 (compatible; MSIE 6.0; Windows 98)"""
1110863220,access_log,81.181.146.13," ""GET / HTTP/1.1"" 403 2898 ""-"" ""Mozilla/4.0 (compatible; MSIE 6.0; Windows 98)"""
1110863220,access_log,81.181.146.13," ""GET //cgi/awstats.pl?configdir=|%20id%20| HTTP/1.1"" 404 1050 ""-"" ""Mozilla/4.0 (compatible; MSIE 6.0; Windows 98)"""
1110863221,access_log,81.181.146.13," ""GET //cgi/awstats.pl?configdir=|%20id%20| HTTP/1.1"" 404 1050 ""-"" ""Mozilla/4.0 (compatible; MSIE 6.0; Windows 98)"""
1110863221,access_log,81.181.146.13," ""GET / HTTP/1.1"" 403 2898 ""-"" ""Mozilla/4.0 (compatible; MSIE 6.0; Windows 98)"""
1110863222,access_log,81.181.146.13," ""GET / HTTP/1.1"" 403 2898 ""-"" ""Mozilla/4.0 (compatible; MSIE 6.0; Windows 98)"""
1110863224,access_log,81.181.146.13," ""GET / HTTP/1.1"" 403 2898 ""-"" ""Mozilla/4.0 (compatible; MSIE 6.0; Windows 98)"""
1110868873,access_log,201.9.48.227," ""GET /default.ida?XXXXXXXXXXXXXXXXXXXXXXXXXXXXXXXXXXXXXXXXXXXXXXXXXXXXXXXXXXXXXXXXXXXXXXXXXXXXXXXXXXXXXXXXXXXXXXXXXXXXXXXXXXXXXXXXXXXXXXXXXXXXXXXXXXXXXXXXXXXXXXXXXXXXXXXXXXXXXXXXXXXXXXXXXXXXXXXXXXXXXXXXXXXXXXXXXXXXXXXXXXXXXXXXXXXXXXXXXXXXXXXX%u9090%u6858%ucbd3%u7801%u9090%u6858%ucbd3%u7801%u9090%u6858%ucbd3%u7801%u9090%u9090%u8190%u00c3%u0003%u8b00%u531b%u53ff%u0078%u0000%u00=a HTTP/1.0"" 404 1061 ""-"" ""-"""
1110873194,access_log,217.204.59.69," ""GET / HTTP/1.1"" 403 2898 ""-"" ""Mozilla/4.0 (compatible; MSIE 5.5; Windows 98)"""
1110885842,access_log,218.6.162.19," ""GET / HTTP/1.1"" 403 2898 ""-"" ""Mozilla/4.0 (compatible; MSIE 5.5; Windows 98)"""
1110899269,access_log,24.11.17.100," ""GET / HTTP/1.1"" 403 2898 ""-"" ""Mozilla/4.0 (compatible; MSIE 5.5; Windows 98)"""
1110913113,access_log,65.96.54.37," ""GET /NULL.printer"" 404 1061 ""-"" ""-"""
1110925233,access_log,195.70.152.248," ""GET /NULL.printer"" 404 1061 ""-"" ""-"""
1110930324,access_log,62.6.139.11," ""GET / HTTP/1.1"" 403 2898 ""-"" ""Mozilla/4.0 (compatible; MSIE 5.5; Windows 98)"""
1110931788,access_log,211.158.94.106," ""GET / HTTP/1.1"" 403 2898 ""-"" ""Mozilla/4.0 (compatible; MSIE 5.5; Windows 98)"""
1110934902,access_log,207.228.251.216," ""GET /sumthin HTTP/1.0"" 404 1061 ""-"" ""-"""
1110934902,access_log,207.228.251.216," ""GET /sumthin HTTP/1.0"" 404 1061 ""-"" ""-"""
1110934902,access_log,207.228.251.216," ""GET /sumthin HTTP/1.0"" 404 1061 ""-"" ""-"""
1110934902,access_log,207.228.251.216," ""GET /sumthin HTTP/1.0"" 404 1061 ""-"" ""-"""
1110934902,access_log,207.228.251.216," ""GET /sumthin HTTP/1.0"" 404 1061 ""-"" ""-"""
1110934902,access_log,207.228.251.216," ""GET /sumthin HTTP/1.0"" 404 1061 ""-"" ""-"""
1110934902,access_log,207.228.251.216," ""GET /sumthin HTTP/1.0"" 404 1061 ""-"" ""-"""
1110934903,access_log,207.228.251.216," ""GET /sumthin HTTP/1.0"" 404 1061 ""-"" ""-"""
1110934903,access_log,207.228.251.216," ""GET /sumthin HTTP/1.0"" 404 1061 ""-"" ""-"""
1110934903,access_log,207.228.251.216," ""GET /sumthin HTTP/1.0"" 404 1061 ""-"" ""-"""
1110934903,access_log,207.228.251.216," ""GET /sumthin HTTP/1.0"" 404 1061 ""-"" ""-"""
1110934903,access_log,207.228.251.216," ""GET /sumthin HTTP/1.0"" 404 1061 ""-"" ""-"""
1110934903,access_log,207.228.251.216," ""GET /sumthin HTTP/1.0"" 404 1061 ""-"" ""-"""
1110934903,access_log,207.228.251.216," ""GET /sumthin HTTP/1.0"" 404 1061 ""-"" ""-"""
1110934903,access_log,207.228.251.216," ""GET /sumthin HTTP/1.0"" 404 1061 ""-"" ""-"""
1110934903,access_log,207.228.251.216," ""GET /sumthin HTTP/1.0"" 404 1061 ""-"" ""-"""
1110934903,access_log,207.228.251.216," ""GET /sumthin HTTP/1.0"" 404 1061 ""-"" ""-"""
1110934903,access_log,207.228.251.216," ""GET /sumthin HTTP/1.0"" 404 1061 ""-"" ""-"""
1110934903,access_log,207.228.251.216," ""GET /sumthin HTTP/1.0"" 404 1061 ""-"" ""-"""
1110934903,access_log,207.228.251.216," ""GET /sumthin HTTP/1.0"" 404 1061 ""-"" ""-"""
1110934903,access_log,207.228.251.216," ""GET /sumthin HTTP/1.0"" 404 1061 ""-"" ""-"""
1110934903,access_log,207.228.251.216," ""GET /sumthin HTTP/1.0"" 404 1061 ""-"" ""-"""
1110934903,access_log,207.228.251.216," ""GET /sumthin HTTP/1.0"" 404 1061 ""-"" ""-"""
1110941142,access_log,218.11.95.43," ""GET /scripts/root.exe?/c+dir HTTP/1.0"" 404 1041 ""-"" ""-"""
1110941146,access_log,218.11.95.43," ""GET /MSADC/root.exe?/c+dir HTTP/1.0"" 404 1041 ""-"" ""-"""
1110941150,access_log,218.11.95.43," ""GET /c/winnt/system32/cmd.exe?/c+dir HTTP/1.0"" 404 1041 ""-"" ""-"""
1110941154,access_log,218.11.95.43," ""GET /d/winnt/system32/cmd.exe?/c+dir HTTP/1.0"" 404 1041 ""-"" ""-"""
1110941155,access_log,218.11.95.43," ""GET /scripts/..%255c../winnt/system32/cmd.exe?/c+dir HTTP/1.0"" 404 1041 ""-"" ""-"""
1110941160,access_log,218.11.95.43," ""GET /_vti_bin/..%255c../..%255c../..%255c../winnt/system32/cmd.exe?/c+dir HTTP/1.0"" 404 1041 ""-"" ""-"""
1110941161,access_log,218.11.95.43," ""GET /_mem_bin/..%255c../..%255c../..%255c../winnt/system32/cmd.exe?/c+dir HTTP/1.0"" 404 1041 ""-"" ""-"""
1110941162,access_log,218.11.95.43," ""GET /msadc/..%255c../..%255c../..%255c/..%c1%1c../..%c1%1c../..%c1%1c../winnt/system32/cmd.exe?/c+dir HTTP/1.0"" 404 1041 ""-"" ""-"""
1110951640,access_log,69.67.42.139," ""GET /scripts/nsiislog.dll HTTP/1.1"" 404 1050 ""-"" ""-"""
1110953496,access_log,66.134.74.113," ""GET / HTTP/1.1"" 403 2898 ""-"" ""Mozilla/4.0 (compatible; MSIE 5.5; Windows 98)"""
1110958184,access_log,204.102.106.121," ""GET / HTTP/1.1"" 403 2898 ""-"" ""Mozilla/4.0 (compatible; MSIE 5.5; Windows 98)"""
1110962881,access_log,68.166.35.226," ""GET / HTTP/1.1"" 403 2898 ""-"" ""Mozilla/4.0 (compatible; MSIE 5.5; Windows 98)"""
1110963224,access_log,61.10.7.209," ""GET / HTTP/1.1"" 403 2898 ""-"" ""Mozilla/4.0 (compatible; MSIE 5.5; Windows 98)"""
1110965655,access_log,207.243.156.65," ""GET / HTTP/1.1"" 403 2898 ""-"" ""Mozilla/4.0 (compatible; MSIE 5.5; Windows 98)"""
1110969323,access_log,71.16.50.10," ""GET /scripts/root.exe?/c+dir HTTP/1.0"" 404 1041 ""-"" ""-"""
1110969324,access_log,71.16.50.10," ""GET /MSADC/root.exe?/c+dir HTTP/1.0"" 404 1041 ""-"" ""-"""
1110969324,access_log,71.16.50.10," ""GET /c/winnt/system32/cmd.exe?/c+dir HTTP/1.0"" 404 1041 ""-"" ""-"""
1110969325,access_log,71.16.50.10," ""GET /d/winnt/system32/cmd.exe?/c+dir HTTP/1.0"" 404 1041 ""-"" ""-"""
1110969325,access_log,71.16.50.10," ""GET /scripts/..%255c../winnt/system32/cmd.exe?/c+dir HTTP/1.0"" 404 1041 ""-"" ""-"""
1110969325,access_log,71.16.50.10," ""GET /_vti_bin/..%255c../..%255c../..%255c../winnt/system32/cmd.exe?/c+dir HTTP/1.0"" 404 1041 ""-"" ""-"""
1110969326,access_log,71.16.50.10," ""GET /_mem_bin/..%255c../..%255c../..%255c../winnt/system32/cmd.exe?/c+dir HTTP/1.0"" 404 1041 ""-"" ""-"""
1110969326,access_log,71.16.50.10," ""GET /msadc/..%255c../..%255c../..%255c/..%c1%1c../..%c1%1c../..%c1%1c../winnt/system32/cmd.exe?/c+dir HTTP/1.0"" 404 1041 ""-"" ""-"""
1110969326,access_log,71.16.50.10," ""GET /scripts/..%c1%1c../winnt/system32/cmd.exe?/c+dir HTTP/1.0"" 404 1041 ""-"" ""-"""
1110969327,access_log,71.16.50.10," ""GET /scripts/..%c0%2f../winnt/system32/cmd.exe?/c+dir HTTP/1.0"" 404 1041 ""-"" ""-"""
1110969327,access_log,71.16.50.10," ""GET /scripts/..%c0%af../winnt/system32/cmd.exe?/c+dir HTTP/1.0"" 404 1041 ""-"" ""-"""
1110969327,access_log,71.16.50.10," ""GET /scripts/..%c1%9c../winnt/system32/cmd.exe?/c+dir HTTP/1.0"" 404 1041 ""-"" ""-"""
1110969327,access_log,71.16.50.10," ""GET /scripts/..%%35%63../winnt/system32/cmd.exe?/c+dir HTTP/1.0"" 400 974 ""-"" ""-"""
1110969328,access_log,71.16.50.10," ""GET /scripts/..%%35c../winnt/system32/cmd.exe?/c+dir HTTP/1.0"" 400 974 ""-"" ""-"""
1110969328,access_log,71.16.50.10," ""GET /scripts/..%25%35%63../winnt/system32/cmd.exe?/c+dir HTTP/1.0"" 404 1041 ""-"" ""-"""
1110969328,access_log,71.16.50.10," ""GET /scripts/..%252f../winnt/system32/cmd.exe?/c+dir HTTP/1.0"" 404 1041 ""-"" ""-"""
1110976930,access_log,66.171.199.116," ""GET / HTTP/1.1"" 403 2898 ""-"" ""Mozilla/4.0 (compatible; MSIE 5.5; Windows 98)"""
1110979420,access_log,64.83.24.184," ""GET / HTTP/1.1"" 403 2898 ""-"" ""Mozilla/4.0 (compatible; MSIE 5.5; Windows 98)"""
1110980816,access_log,66.30.71.74," ""GET /NULL.printer"" 404 1061 ""-"" ""-"""
1110983346,access_log,208.62.177.10," ""GET / HTTP/1.1"" 403 2898 ""-"" ""Mozilla/4.0 (compatible; MSIE 5.5; Windows 98)"""
1110983368,access_log,209.120.201.177," ""GET /scripts/root.exe?/c+dir HTTP/1.0"" 404 1041 ""-"" ""-"""
1110983369,access_log,209.120.201.177," ""GET /MSADC/root.exe?/c+dir HTTP/1.0"" 404 1041 ""-"" ""-"""
1110983371,access_log,209.120.201.177," ""GET /c/winnt/system32/cmd.exe?/c+dir HTTP/1.0"" 404 1041 ""-"" ""-"""
1110983372,access_log,209.120.201.177," ""GET /d/winnt/system32/cmd.exe?/c+dir HTTP/1.0"" 404 1041 ""-"" ""-"""
1110983373,access_log,209.120.201.177," ""GET /scripts/..%255c../winnt/system32/cmd.exe?/c+dir HTTP/1.0"" 404 1041 ""-"" ""-"""
1110983374,access_log,209.120.201.177," ""GET /_vti_bin/..%255c../..%255c../..%255c../winnt/system32/cmd.exe?/c+dir HTTP/1.0"" 404 1041 ""-"" ""-"""
1110983375,access_log,209.120.201.177," ""GET /_mem_bin/..%255c../..%255c../..%255c../winnt/system32/cmd.exe?/c+dir HTTP/1.0"" 404 1041 ""-"" ""-"""
1110983376,access_log,209.120.201.177," ""GET /msadc/..%255c../..%255c../..%255c/..%c1%1c../..%c1%1c../..%c1%1c../winnt/system32/cmd.exe?/c+dir HTTP/1.0"" 404 1041 ""-"" ""-"""
1110983378,access_log,209.120.201.177," ""GET /scripts/..%c1%1c../winnt/system32/cmd.exe?/c+dir HTTP/1.0"" 404 1041 ""-"" ""-"""
1110983379,access_log,209.120.201.177," ""GET /scripts/..%c0%2f../winnt/system32/cmd.exe?/c+dir HTTP/1.0"" 404 1041 ""-"" ""-"""
1110983381,access_log,209.120.201.177," ""GET /scripts/..%c0%af../winnt/system32/cmd.exe?/c+dir HTTP/1.0"" 404 1041 ""-"" ""-"""
1110983382,access_log,209.120.201.177," ""GET /scripts/..%c1%9c../winnt/system32/cmd.exe?/c+dir HTTP/1.0"" 404 1041 ""-"" ""-"""
1110983383,access_log,209.120.201.177," ""GET /scripts/..%%35%63../winnt/system32/cmd.exe?/c+dir HTTP/1.0"" 400 974 ""-"" ""-"""
1110983384,access_log,209.120.201.177," ""GET /scripts/..%%35c../winnt/system32/cmd.exe?/c+dir HTTP/1.0"" 400 974 ""-"" ""-"""
1110983385,access_log,209.120.201.177," ""GET /scripts/..%25%35%63../winnt/system32/cmd.exe?/c+dir HTTP/1.0"" 404 1041 ""-"" ""-"""
1110983386,access_log,209.120.201.177," ""GET /scripts/..%252f../winnt/system32/cmd.exe?/c+dir HTTP/1.0"" 404 1041 ""-"" ""-"""
1110987905,access_log,65.16.76.54," ""POST /_vti_bin/_vti_aut/fp30reg.dll HTTP/1.1"" 404 1062 ""-"" ""-"""
1110988230,access_log,65.16.76.54," ""POST /_vti_bin/_vti_aut/fp30reg.dll HTTP/1.1"" 404 1062 ""-"" ""-"""
1110997397,access_log,218.85.9.143," ""GET http://www.intel.com/ HTTP/1.1"" 403 2898 ""-"" ""Mozilla/5.0 (compatible; MSIE 5.01; Win2000)"""
1110997397,access_log,218.85.9.143," ""GET http://www.intel.com/ HTTP/1.1"" 403 2898 ""-"" ""Mozilla/5.0 (compatible; MSIE 5.01; Win2000)"""
1110997398,access_log,218.85.9.143," ""GET http://www.intel.com/ HTTP/1.1"" 403 2898 ""-"" ""Mozilla/5.0 (compatible; MSIE 5.01; Win2000)"""
1110997397,access_log,218.85.9.143," ""GET http://www.intel.com/ HTTP/1.1"" 403 2898 ""-"" ""Mozilla/5.0 (compatible; MSIE 5.01; Win2000)"""
1110997398,access_log,218.85.9.143," ""GET http://www.intel.com/ HTTP/1.1"" 403 2898 ""-"" ""Mozilla/5.0 (compatible; MSIE 5.01; Win2000)"""
1110997398,access_log,218.85.9.143," ""GET http://www.intel.com/ HTTP/1.1"" 403 2898 ""-"" ""Mozilla/5.0 (compatible; MSIE 5.01; Win2000)"""
1110997398,access_log,218.85.9.143," ""GET http://www.intel.com/ HTTP/1.1"" 403 2898 ""-"" ""Mozilla/5.0 (compatible; MSIE 5.01; Win2000)"""
1110997399,access_log,218.85.9.143," ""GET http://www.intel.com/ HTTP/1.1"" 403 2898 ""-"" ""Mozilla/5.0 (compatible; MSIE 5.01; Win2000)"""
1110997398,access_log,218.85.9.143," ""GET http://www.intel.com/ HTTP/1.1"" 403 2898 ""-"" ""Mozilla/5.0 (compatible; MSIE 5.01; Win2000)"""
1110997399,access_log,218.85.9.143," ""GET http://www.intel.com/ HTTP/1.1"" 403 2898 ""-"" ""Mozilla/5.0 (compatible; MSIE 5.01; Win2000)"""
1110997400,access_log,218.85.9.143," ""GET http://www.intel.com/ HTTP/1.1"" 403 2898 ""-"" ""Mozilla/5.0 (compatible; MSIE 5.01; Win2000)"""
1110997400,access_log,218.85.9.143," ""GET http://www.intel.com/ HTTP/1.1"" 403 2898 ""-"" ""Mozilla/5.0 (compatible; MSIE 5.01; Win2000)"""
1110997401,access_log,218.85.9.143," ""GET http://www.intel.com/ HTTP/1.1"" 403 2898 ""-"" ""Mozilla/5.0 (compatible; MSIE 5.01; Win2000)"""
1110997401,access_log,218.85.9.143," ""GET http://www.intel.com/ HTTP/1.1"" 403 2898 ""-"" ""Mozilla/5.0 (compatible; MSIE 5.01; Win2000)"""
1110997401,access_log,218.85.9.143," ""GET http://www.intel.com/ HTTP/1.1"" 403 2898 ""-"" ""Mozilla/5.0 (compatible; MSIE 5.01; Win2000)"""
1111000130,access_log,67.81.23.243," ""GET / HTTP/1.1"" 403 2898 ""-"" ""Mozilla/4.0 (compatible; MSIE 5.5; Windows 98)"""
1111002115,access_log,202.122.16.7," ""POST /_vti_bin/_vti_aut/fp30reg.dll HTTP/1.1"" 404 1063 ""-"" ""-"""
1111002561,access_log,220.170.151.237," ""GET / HTTP/1.1"" 403 2898 ""-"" ""Mozilla/4.0 (compatible; MSIE 5.5; Windows 98)"""
1111005318,access_log,64.83.24.184," ""GET / HTTP/1.1"" 403 2898 ""-"" ""Mozilla/4.0 (compatible; MSIE 5.5; Windows 98)"""
1111018092,access_log,222.166.160.138," ""GET / HTTP/1.1"" 403 2898 ""-"" ""Mozilla/4.0 (compatible; MSIE 5.5; Windows 98)"""
1111034535,access_log,61.10.7.45," ""GET / HTTP/1.1"" 403 2898 ""-"" ""Mozilla/4.0 (compatible; MSIE 5.5; Windows 98)"""
1111037480,access_log,69.107.121.41," ""GET / HTTP/1.1"" 403 2898 ""-"" ""Mozilla/4.0 (compatible; MSIE 5.5; Windows 98)"""
1111038184,access_log,201.9.104.83," ""GET /default.ida?XXXXXXXXXXXXXXXXXXXXXXXXXXXXXXXXXXXXXXXXXXXXXXXXXXXXXXXXXXXXXXXXXXXXXXXXXXXXXXXXXXXXXXXXXXXXXXXXXXXXXXXXXXXXXXXXXXXXXXXXXXXXXXXXXXXXXXXXXXXXXXXXXXXXXXXXXXXXXXXXXXXXXXXXXXXXXXXXXXXXXXXXXXXXXXXXXXXXXXXXXXXXXXXXXXXXXXXXXXXXXXXX%u9090%u6858%ucbd3%u7801%u9090%u6858%ucbd3%u7801%u9090%u6858%ucbd3%u7801%u9090%u9090%u8190%u00c3%u0003%u8b00%u531b%u53ff%u0078%u0000%u00=a HTTP/1.0"" 404 1061 ""-"" ""-"""
1111047996,access_log,207.10.54.33," ""GET / HTTP/1.1"" 403 2898 ""-"" ""Mozilla/4.0 (compatible; MSIE 5.5; Windows 98)"""
1111050725,access_log,68.98.176.140," ""GET / HTTP/1.1"" 403 2898 ""-"" ""Mozilla/4.0 (compatible; MSIE 5.5; Windows 98)"""
1111053985,access_log,68.250.190.161," ""GET / HTTP/1.1"" 403 2898 ""-"" ""Mozilla/4.0 (compatible; MSIE 5.5; Windows 98)"""
1111059507,access_log,219.150.244.58," ""GET / HTTP/1.1"" 403 2898 ""-"" ""Mozilla/4.0 (compatible; MSIE 5.5; Windows 98)"""
1110687376,mail_log,-,"combo sendmail[26065]: j2D9FD3X026065: from=root, size=39455, class=0, nrcpts=1, msgid=<200503130915.j2D9FD3X026065@combo.honeypotbox.com>, relay=root@localhost"
1110687394,mail_log,127.0.0.1,"combo sendmail[26067]: j2D9GH6S026067: from=<root@combo.honeypotbox.com>, size=39751, class=0, nrcpts=1, msgid=<200503130915.j2D9FD3X026065@combo.honeypotbox.com>, proto=ESMTP, daemon=MTA, relay=localhost.localdomain [127.0.0.1]"
1110687394,mail_log,127.0.0.1,"combo sendmail[26065]: j2D9FD3X026065: to=root, ctladdr=root (0/0), delay=00:01:21, xdelay=00:00:17, mailer=relay, pri=30241, relay=[127.0.0.1] [127.0.0.1], dsn=2.0.0, stat=Sent (j2D9GH6S026067 Message accepted for delivery)"
1110687394,mail_log,-,"combo sendmail[26068]: j2D9GH6S026067: to=<root@combo.honeypotbox.com>, ctladdr=<root@combo.honeypotbox.com> (0/0), delay=00:00:01, xdelay=00:00:00, mailer=local, pri=69989, dsn=2.0.0, stat=Sent"
1110773182,mail_log,-,"combo sendmail[10169]: j2E96MKL010169: from=root, size=1045, class=0, nrcpts=1, msgid=<200503140906.j2E96MKL010169@combo.honeypotbox.com>, relay=root@localhost"
1110773207,mail_log,127.0.0.1,"combo sendmail[10172]: j2E96M6S010172: from=<root@combo.honeypotbox.com>, size=1359, class=0, nrcpts=1, msgid=<200503140906.j2E96MKL010169@combo.honeypotbox.com>, proto=ESMTP, daemon=MTA, relay=localhost.localdomain [127.0.0.1]"
1110773207,mail_log,127.0.0.1,"combo sendmail[10169]: j2E96MKL010169: to=root, ctladdr=root (0/0), delay=00:00:25, xdelay=00:00:25, mailer=relay, pri=30056, relay=[127.0.0.1] [127.0.0.1], dsn=2.0.0, stat=Sent (j2E96M6S010172 Message accepted for delivery)"
1110773207,mail_log,-,"combo sendmail[10173]: j2E96M6S010172: to=<root@combo.honeypotbox.com>, ctladdr=<root@combo.honeypotbox.com> (0/0), delay=00:00:00, xdelay=00:00:00, mailer=local, pri=31602, dsn=2.0.0, stat=Sent"
1110773897,mail_log,-,"combo sendmail[10384]: j2E9HFPa010384: from=root, size=39406, class=0, nrcpts=1, msgid=<200503140917.j2E9HFPa010384@combo.honeypotbox.com>, relay=root@localhost"
1110773915,mail_log,127.0.0.1,"combo sendmail[10386]: j2E9II6S010386: from=<root@combo.honeypotbox.com>, size=39702, class=0, nrcpts=1, msgid=<200503140917.j2E9HFPa010384@combo.honeypotbox.com>, proto=ESMTP, daemon=MTA, relay=localhost.localdomain [127.0.0.1]"
1110773915,mail_log,127.0.0.1,"combo sendmail[10384]: j2E9HFPa010384: to=root, ctladdr=root (0/0), delay=00:01:20, xdelay=00:00:17, mailer=relay, pri=30241, relay=[127.0.0.1] [127.0.0.1], dsn=2.0.0, stat=Sent (j2E9II6S010386 Message accepted for delivery)"
1110773916,mail_log,-,"combo sendmail[10387]: j2E9II6S010386: to=<root@combo.honeypotbox.com>, ctladdr=<root@combo.honeypotbox.com> (0/0), delay=00:00:01, xdelay=00:00:01, mailer=local, pri=69940, dsn=2.0.0, stat=Sent"
1110844066,mail_log,211.158.69.89,combo sendmail[12661]: j2F4lk6S012661: [211.158.69.89] did not issue MAIL/EXPN/VRFY/ETRN during connection to MTA
1110844066,mail_log,211.158.69.89,combo sendmail[12651]: j2F4lk6S012651: [211.158.69.89] did not issue MAIL/EXPN/VRFY/ETRN during connection to MTA
1110844066,mail_log,211.158.69.89,combo sendmail[12652]: j2F4lk6S012652: [211.158.69.89] did not issue MAIL/EXPN/VRFY/ETRN during connection to MTA
1110844066,mail_log,211.158.69.89,combo sendmail[12656]: j2F4lk6S012656: [211.158.69.89] did not issue MAIL/EXPN/VRFY/ETRN during connection to MTA
1110844066,mail_log,211.158.69.89,combo sendmail[12662]: j2F4lk6S012662: [211.158.69.89] did not issue MAIL/EXPN/VRFY/ETRN during connection to MTA
1110844066,mail_log,211.158.69.89,combo sendmail[12644]: j2F4lk6S012644: [211.158.69.89] did not issue MAIL/EXPN/VRFY/ETRN during connection to MTA
1110844066,mail_log,211.158.69.89,combo sendmail[12653]: j2F4lk6S012653: [211.158.69.89] did not issue MAIL/EXPN/VRFY/ETRN during connection to MTA
1110844066,mail_log,211.158.69.89,combo sendmail[12659]: j2F4lk6S012659: [211.158.69.89] did not issue MAIL/EXPN/VRFY/ETRN during connection to MTA
1110844066,mail_log,211.158.69.89,combo sendmail[12650]: j2F4lk6S012650: [211.158.69.89] did not issue MAIL/EXPN/VRFY/ETRN during connection to MTA
1110844066,mail_log,211.158.69.89,combo sendmail[12649]: j2F4lk6S012649: [211.158.69.89] did not issue MAIL/EXPN/VRFY/ETRN during connection to MTA
1110844066,mail_log,211.158.69.89,combo sendmail[12643]: j2F4lk6S012643: [211.158.69.89] did not issue MAIL/EXPN/VRFY/ETRN during connection to MTA
1110844066,mail_log,211.158.69.89,combo sendmail[12645]: j2F4lk6S012645: [211.158.69.89] did not issue MAIL/EXPN/VRFY/ETRN during connection to MTA
1110844066,mail_log,211.158.69.89,combo sendmail[12646]: j2F4lk6S012646: [211.158.69.89] did not issue MAIL/EXPN/VRFY/ETRN during connection to MTA
1110844066,mail_log,211.158.69.89,combo sendmail[12648]: j2F4lk6S012648: [211.158.69.89] did not issue MAIL/EXPN/VRFY/ETRN during connection to MTA
1110844066,mail_log,211.158.69.89,combo sendmail[12658]: j2F4lk6S012658: [211.158.69.89] did not issue MAIL/EXPN/VRFY/ETRN during connection to MTA
1110844066,mail_log,211.158.69.89,combo sendmail[12657]: j2F4lk6S012657: [211.158.69.89] did not issue MAIL/EXPN/VRFY/ETRN during connection to MTA
1110844066,mail_log,211.158.69.89,combo sendmail[12647]: j2F4lk6S012647: [211.158.69.89] did not issue MAIL/EXPN/VRFY/ETRN during connection to MTA
1110844066,mail_log,211.158.69.89,combo sendmail[12660]: j2F4lk6S012660: [211.158.69.89] did not issue MAIL/EXPN/VRFY/ETRN during connection to MTA
1110844066,mail_log,211.158.69.89,combo sendmail[12654]: j2F4lk6S012654: [211.158.69.89] did not issue MAIL/EXPN/VRFY/ETRN during connection to MTA
1110844066,mail_log,211.158.69.89,combo sendmail[12655]: j2F4lk6S012655: [211.158.69.89] did not issue MAIL/EXPN/VRFY/ETRN during connection to MTA
1110844066,mail_log,211.158.69.89,combo sendmail[12663]: j2F4lk6S012663: [211.158.69.89] did not issue MAIL/EXPN/VRFY/ETRN during connection to MTA
1110844066,mail_log,211.158.69.89,combo sendmail[12664]: j2F4lk6S012664: [211.158.69.89] did not issue MAIL/EXPN/VRFY/ETRN during connection to MTA
1110859452,mail_log,-,"combo sendmail[13333]: j2F94C4d013333: from=root, size=1145, class=0, nrcpts=1, msgid=<200503150904.j2F94C4d013333@combo.honeypotbox.com>, relay=root@localhost"
1110859476,mail_log,127.0.0.1,"combo sendmail[13336]: j2F94C6S013336: from=<root@combo.honeypotbox.com>, size=1459, class=0, nrcpts=1, msgid=<200503150904.j2F94C4d013333@combo.honeypotbox.com>, proto=ESMTP, daemon=MTA, relay=localhost.localdomain [127.0.0.1]"
1110859476,mail_log,127.0.0.1,"combo sendmail[13333]: j2F94C4d013333: to=root, ctladdr=root (0/0), delay=00:00:24, xdelay=00:00:24, mailer=relay, pri=30056, relay=[127.0.0.1] [127.0.0.1], dsn=2.0.0, stat=Sent (j2F94C6S013336 Message accepted for delivery)"
1110859476,mail_log,-,"combo sendmail[13337]: j2F94C6S013336: to=<root@combo.honeypotbox.com>, ctladdr=<root@combo.honeypotbox.com> (0/0), delay=00:00:00, xdelay=00:00:00, mailer=local, pri=31702, dsn=2.0.0, stat=Sent"
1110860148,mail_log,-,"combo sendmail[13548]: j2F9Ei14013548: from=root, size=39406, class=0, nrcpts=1, msgid=<200503150914.j2F9Ei14013548@combo.honeypotbox.com>, relay=root@localhost"
1110860165,mail_log,127.0.0.1,"combo sendmail[13555]: j2F9Fm6S013555: from=<root@combo.honeypotbox.com>, size=39702, class=0, nrcpts=1, msgid=<200503150914.j2F9Ei14013548@combo.honeypotbox.com>, proto=ESMTP, daemon=MTA, relay=localhost.localdomain [127.0.0.1]"
1110860165,mail_log,127.0.0.1,"combo sendmail[13548]: j2F9Ei14013548: to=root, ctladdr=root (0/0), delay=00:01:20, xdelay=00:00:17, mailer=relay, pri=30241, relay=[127.0.0.1] [127.0.0.1], dsn=2.0.0, stat=Sent (j2F9Fm6S013555 Message accepted for delivery)"
1110860165,mail_log,-,"combo sendmail[13556]: j2F9Fm6S013555: to=<root@combo.honeypotbox.com>, ctladdr=<root@combo.honeypotbox.com> (0/0), delay=00:00:00, xdelay=00:00:00, mailer=local, pri=69940, dsn=2.0.0, stat=Sent"
1110945731,mail_log,-,"combo sendmail[16094]: j2G92BTv016094: from=root, size=1194, class=0, nrcpts=1, msgid=<200503160902.j2G92BTv016094@combo.honeypotbox.com>, relay=root@localhost"
1110945752,mail_log,127.0.0.1,"combo sendmail[16097]: j2G92B6S016097: from=<root@combo.honeypotbox.com>, size=1508, class=0, nrcpts=1, msgid=<200503160902.j2G92BTv016094@combo.honeypotbox.com>, proto=ESMTP, daemon=MTA, relay=localhost.localdomain [127.0.0.1]"
1110945752,mail_log,127.0.0.1,"combo sendmail[16094]: j2G92BTv016094: to=root, ctladdr=root (0/0), delay=00:00:21, xdelay=00:00:21, mailer=relay, pri=30056, relay=[127.0.0.1] [127.0.0.1], dsn=2.0.0, stat=Sent (j2G92B6S016097 Message accepted for delivery)"
1110945752,mail_log,-,"combo sendmail[16098]: j2G92B6S016097: to=<root@combo.honeypotbox.com>, ctladdr=<root@combo.honeypotbox.com> (0/0), delay=00:00:00, xdelay=00:00:00, mailer=local, pri=31751, dsn=2.0.0, stat=Sent"
1110946432,mail_log,-,"combo sendmail[16309]: j2G9Cmag016309: from=root, size=39406, class=0, nrcpts=1, msgid=<200503160912.j2G9Cmag016309@combo.honeypotbox.com>, relay=root@localhost"
1110946449,mail_log,127.0.0.1,"combo sendmail[16311]: j2G9Dq6S016311: from=<root@combo.honeypotbox.com>, size=39702, class=0, nrcpts=1, msgid=<200503160912.j2G9Cmag016309@combo.honeypotbox.com>, proto=ESMTP, daemon=MTA, relay=localhost.localdomain [127.0.0.1]"
1110946449,mail_log,127.0.0.1,"combo sendmail[16309]: j2G9Cmag016309: to=root, ctladdr=root (0/0), delay=00:01:20, xdelay=00:00:17, mailer=relay, pri=30241, relay=[127.0.0.1] [127.0.0.1], dsn=2.0.0, stat=Sent (j2G9Dq6S016311 Message accepted for delivery)"
1110946449,mail_log,-,"combo sendmail[16312]: j2G9Dq6S016311: to=<root@combo.honeypotbox.com>, ctladdr=<root@combo.honeypotbox.com> (0/0), delay=00:00:00, xdelay=00:00:00, mailer=local, pri=69940, dsn=2.0.0, stat=Sent"
1110953075,mail_log,61.73.91.96,combo sendmail[16488]: j2GB4Z6S016488: [61.73.91.96] did not issue MAIL/EXPN/VRFY/ETRN during connection to MTA
1110953083,mail_log,61.73.91.96,combo sendmail[16489]: j2GB4h6S016489: [61.73.91.96] did not issue MAIL/EXPN/VRFY/ETRN during connection to MTA
1110953083,mail_log,61.73.91.96,combo sendmail[16491]: j2GB4h6S016491: [61.73.91.96] did not issue MAIL/EXPN/VRFY/ETRN during connection to MTA
1110953083,mail_log,61.73.91.96,combo sendmail[16492]: j2GB4h6S016492: [61.73.91.96] did not issue MAIL/EXPN/VRFY/ETRN during connection to MTA
1110953083,mail_log,61.73.91.96,combo sendmail[16493]: j2GB4h6S016493: [61.73.91.96] did not issue MAIL/EXPN/VRFY/ETRN during connection to MTA
1110953083,mail_log,61.73.91.96,combo sendmail[16490]: j2GB4h6S016490: [61.73.91.96] did not issue MAIL/EXPN/VRFY/ETRN during connection to MTA
1110953083,mail_log,61.73.91.96,combo sendmail[16487]: j2GB4h6S016487: [61.73.91.96] did not issue MAIL/EXPN/VRFY/ETRN during connection to MTA
1110953083,mail_log,61.73.91.96,combo sendmail[16503]: j2GB4h6S016503: [61.73.91.96] did not issue MAIL/EXPN/VRFY/ETRN during connection to MTA
1110953083,mail_log,61.73.91.96,combo sendmail[16494]: j2GB4h6S016494: [61.73.91.96] did not issue MAIL/EXPN/VRFY/ETRN during connection to MTA
1110953083,mail_log,61.73.91.96,combo sendmail[16495]: j2GB4h6S016495: [61.73.91.96] did not issue MAIL/EXPN/VRFY/ETRN during connection to MTA
1110953083,mail_log,61.73.91.96,combo sendmail[16496]: j2GB4h6S016496: [61.73.91.96] did not issue MAIL/EXPN/VRFY/ETRN during connection to MTA
1110953083,mail_log,61.73.91.96,combo sendmail[16498]: j2GB4h6S016498: [61.73.91.96] did not issue MAIL/EXPN/VRFY/ETRN during connection to MTA
1110953083,mail_log,61.73.91.96,combo sendmail[16497]: j2GB4h6S016497: [61.73.91.96] did not issue MAIL/EXPN/VRFY/ETRN during connection to MTA
1110953083,mail_log,61.73.91.96,combo sendmail[16499]: j2GB4h6S016499: [61.73.91.96] did not issue MAIL/EXPN/VRFY/ETRN during connection to MTA
1110953083,mail_log,61.73.91.96,combo sendmail[16500]: j2GB4h6S016500: [61.73.91.96] did not issue MAIL/EXPN/VRFY/ETRN during connection to MTA
1110953083,mail_log,61.73.91.96,combo sendmail[16501]: j2GB4h6S016501: [61.73.91.96] did not issue MAIL/EXPN/VRFY/ETRN during connection to MTA
1110953083,mail_log,61.73.91.96,combo sendmail[16504]: j2GB4h6S016504: [61.73.91.96] did not issue MAIL/EXPN/VRFY/ETRN during connection to MTA
1110953083,mail_log,61.73.91.96,combo sendmail[16502]: j2GB4h6S016502: [61.73.91.96] did not issue MAIL/EXPN/VRFY/ETRN during connection to MTA
1110953083,mail_log,61.73.91.96,combo sendmail[16505]: j2GB4h6S016505: [61.73.91.96] did not issue MAIL/EXPN/VRFY/ETRN during connection to MTA
1110953083,mail_log,61.73.91.96,combo sendmail[16506]: j2GB4h6S016506: [61.73.91.96] did not issue MAIL/EXPN/VRFY/ETRN during connection to MTA
1110953083,mail_log,61.73.91.96,combo sendmail[16507]: j2GB4h6S016507: [61.73.91.96] did not issue MAIL/EXPN/VRFY/ETRN during connection to MTA
1110953083,mail_log,61.73.91.96,combo sendmail[16508]: j2GB4h6S016508: [61.73.91.96] did not issue MAIL/EXPN/VRFY/ETRN during connection to MTA
1110953084,mail_log,61.73.91.96,combo sendmail[16509]: j2GB4i6S016509: [61.73.91.96] did not issue MAIL/EXPN/VRFY/ETRN during connection to MTA
1111018134,mail_log,218.239.179.112,combo sendmail[18228]: j2H58s6S018228: [218.239.179.112] did not issue MAIL/EXPN/VRFY/ETRN during connection to MTA
1111018134,mail_log,218.239.179.112,combo sendmail[18229]: j2H58s6S018229: [218.239.179.112] did not issue MAIL/EXPN/VRFY/ETRN during connection to MTA
1111018134,mail_log,218.239.179.112,combo sendmail[18230]: j2H58s6S018230: [218.239.179.112] did not issue MAIL/EXPN/VRFY/ETRN during connection to MTA
1111018134,mail_log,218.239.179.112,combo sendmail[18231]: j2H58s6S018231: [218.239.179.112] did not issue MAIL/EXPN/VRFY/ETRN during connection to MTA
1111018134,mail_log,218.239.179.112,combo sendmail[18232]: j2H58s6S018232: [218.239.179.112] did not issue MAIL/EXPN/VRFY/ETRN during connection to MTA
1111018135,mail_log,218.239.179.112,combo sendmail[18233]: j2H58t6S018233: [218.239.179.112] did not issue MAIL/EXPN/VRFY/ETRN during connection to MTA
1111018135,mail_log,218.239.179.112,combo sendmail[18234]: j2H58t6S018234: [218.239.179.112] did not issue MAIL/EXPN/VRFY/ETRN during connection to MTA
1111018135,mail_log,218.239.179.112,combo sendmail[18235]: j2H58t6S018235: [218.239.179.112] did not issue MAIL/EXPN/VRFY/ETRN during connection to MTA
1111018135,mail_log,218.239.179.112,combo sendmail[18236]: j2H58t6S018236: [218.239.179.112] did not issue MAIL/EXPN/VRFY/ETRN during connection to MTA
1111018135,mail_log,218.239.179.112,combo sendmail[18237]: j2H58t6S018237: [218.239.179.112] did not issue MAIL/EXPN/VRFY/ETRN during connection to MTA
1111018135,mail_log,218.239.179.112,combo sendmail[18238]: j2H58t6S018238: [218.239.179.112] did not issue MAIL/EXPN/VRFY/ETRN during connection to MTA
1111018135,mail_log,218.239.179.112,combo sendmail[18239]: j2H58t6S018239: [218.239.179.112] did not issue MAIL/EXPN/VRFY/ETRN during connection to MTA
1111018135,mail_log,218.239.179.112,combo sendmail[18240]: j2H58t6S018240: [218.239.179.112] did not issue MAIL/EXPN/VRFY/ETRN during connection to MTA
1111018135,mail_log,218.239.179.112,combo sendmail[18241]: j2H58t6S018241: [218.239.179.112] did not issue MAIL/EXPN/VRFY/ETRN during connection to MTA
1111018136,mail_log,218.239.179.112,combo sendmail[18242]: j2H58u6S018242: [218.239.179.112] did not issue MAIL/EXPN/VRFY/ETRN during connection to MTA
1111018136,mail_log,218.239.179.112,combo sendmail[18243]: j2H58u6S018243: [218.239.179.112] did not issue MAIL/EXPN/VRFY/ETRN during connection to MTA
1111018136,mail_log,218.239.179.112,combo sendmail[18244]: j2H58u6S018244: [218.239.179.112] did not issue MAIL/EXPN/VRFY/ETRN during connection to MTA
1111018136,mail_log,218.239.179.112,combo sendmail[18246]: j2H58u6S018246: [218.239.179.112] did not issue MAIL/EXPN/VRFY/ETRN during connection to MTA
1111018137,mail_log,218.239.179.112,combo sendmail[18245]: j2H58u6S018245: [218.239.179.112] did not issue MAIL/EXPN/VRFY/ETRN during connection to MTA
1111018137,mail_log,218.239.179.112,combo sendmail[18247]: j2H58v6S018247: [218.239.179.112] did not issue MAIL/EXPN/VRFY/ETRN during connection to MTA
1111018139,mail_log,218.239.179.112,combo sendmail[18248]: j2H58x6S018248: [218.239.179.112] did not issue MAIL/EXPN/VRFY/ETRN during connection to MTA
1111018139,mail_log,218.239.179.112,combo sendmail[18249]: j2H58x6S018249: [218.239.179.112] did not issue MAIL/EXPN/VRFY/ETRN during connection to MTA
1111018171,mail_log,218.239.179.112,combo sendmail[18227]: j2H58k6S018227: lost input channel from [218.239.179.112] to MTA after mail
1111018171,mail_log,218.239.179.112,"combo sendmail[18227]: j2H58k6S018227: from=f831849@thrunet.net, size=0, class=0, nrcpts=0, proto=SMTP, daemon=MTA, relay=[218.239.179.112]"
1111032139,mail_log,-,"combo sendmail[18869]: j2H92JvK018869: from=root, size=1370, class=0, nrcpts=1, msgid=<200503170902.j2H92JvK018869@combo.honeypotbox.com>, relay=root@localhost"
1111032163,mail_log,127.0.0.1,"combo sendmail[18872]: j2H92J6S018872: from=<root@combo.honeypotbox.com>, size=1684, class=0, nrcpts=1, msgid=<200503170902.j2H92JvK018869@combo.honeypotbox.com>, proto=ESMTP, daemon=MTA, relay=localhost.localdomain [127.0.0.1]"
1111032163,mail_log,127.0.0.1,"combo sendmail[18869]: j2H92JvK018869: to=root, ctladdr=root (0/0), delay=00:00:24, xdelay=00:00:24, mailer=relay, pri=30056, relay=[127.0.0.1] [127.0.0.1], dsn=2.0.0, stat=Sent (j2H92J6S018872 Message accepted for delivery)"
1111032164,mail_log,-,"combo sendmail[18873]: j2H92J6S018872: to=<root@combo.honeypotbox.com>, ctladdr=<root@combo.honeypotbox.com> (0/0), delay=00:00:01, xdelay=00:00:00, mailer=local, pri=31927, dsn=2.0.0, stat=Sent"
1111032855,mail_log,-,"combo sendmail[19084]: j2H9DCNt019084: from=root, size=39406, class=0, nrcpts=1, msgid=<200503170913.j2H9DCNt019084@combo.honeypotbox.com>, relay=root@localhost"
1111032872,mail_log,127.0.0.1,"combo sendmail[19086]: j2H9EG6S019086: from=<root@combo.honeypotbox.com>, size=39702, class=0, nrcpts=1, msgid=<200503170913.j2H9DCNt019084@combo.honeypotbox.com>, proto=ESMTP, daemon=MTA, relay=localhost.localdomain [127.0.0.1]"
1111032872,mail_log,127.0.0.1,"combo sendmail[19084]: j2H9DCNt019084: to=root, ctladdr=root (0/0), delay=00:01:20, xdelay=00:00:17, mailer=relay, pri=30241, relay=[127.0.0.1] [127.0.0.1], dsn=2.0.0, stat=Sent (j2H9EG6S019086 Message accepted for delivery)"
1111032873,mail_log,-,"combo sendmail[19087]: j2H9EG6S019086: to=<root@combo.honeypotbox.com>, ctladdr=<root@combo.honeypotbox.com> (0/0), delay=00:00:01, xdelay=00:00:00, mailer=local, pri=69940, dsn=2.0.0, stat=Sent"
1110686745,error_log,-,[notice] Digest: generating secret for digest authentication ...
1110686745,error_log,-,[notice] Digest: done
1110686746,error_log,-,[notice] Apache/2.0.40 (Red Hat Linux) configured -- resuming normal operations
1110686747,error_log,210.116.59.164,"[error] File does not exist: /var/www/html/_vti_bin
"
1110686792,error_log,210.116.59.164,"[error] File does not exist: /var/www/html/_vti_bin
"
1110686839,error_log,210.116.59.164,"[error] File does not exist: /var/www/html/_vti_bin
"
1110686891,error_log,210.116.59.164,"[error] File does not exist: /var/www/html/_vti_bin
"
1110686940,error_log,210.116.59.164,"[error] File does not exist: /var/www/html/_vti_bin
"
1110687019,error_log,211.141.115.145,"[error] Directory index forbidden by rule: /var/www/html/
"
1110701007,error_log,66.30.71.74,"[error] File does not exist: /var/www/html/scripts
"
1110710171,error_log,218.1.111.50,"[error] Directory index forbidden by rule: /var/www/html/
"
1110710171,error_log,218.1.111.50,"[error] Directory index forbidden by rule: /var/www/html/
"
1110710171,error_log,218.1.111.50,"[error] Directory index forbidden by rule: /var/www/html/
"
1110710171,error_log,218.1.111.50,"[error] Directory index forbidden by rule: /var/www/html/
"
1110710171,error_log,218.1.111.50,"[error] Directory index forbidden by rule: /var/www/html/
"
1110710171,error_log,218.1.111.50,"[error] Directory index forbidden by rule: /var/www/html/
"
1110710172,error_log,218.1.111.50,"[error] Directory index forbidden by rule: /var/www/html/
"
1110710172,error_log,218.1.111.50,"[error] Directory index forbidden by rule: /var/www/html/
"
1110710172,error_log,218.1.111.50,"[error] Directory index forbidden by rule: /var/www/html/
"
1110710172,error_log,218.1.111.50,"[error] Directory index forbidden by rule: /var/www/html/
"
1110710172,error_log,218.1.111.50,"[error] Directory index forbidden by rule: /var/www/html/
"
1110710172,error_log,218.1.111.50,"[error] Directory index forbidden by rule: /var/www/html/
"
1110710172,error_log,218.1.111.50,"[error] Directory index forbidden by rule: /var/www/html/
"
1110710173,error_log,218.1.111.50,"[error] Directory index forbidden by rule: /var/www/html/
"
1110710173,error_log,218.1.111.50,"[error] Directory index forbidden by rule: /var/www/html/
"
1110710173,error_log,218.1.111.50,"[error] Directory index forbidden by rule: /var/www/html/
"
1110710173,error_log,218.1.111.50,"[error] Directory index forbidden by rule: /var/www/html/
"
1110710174,error_log,218.1.111.50,"[error] Directory index forbidden by rule: /var/www/html/
"
1110710174,error_log,218.1.111.50,"[error] Directory index forbidden by rule: /var/www/html/
"
1110710174,error_log,218.1.111.50,"[error] Directory index forbidden by rule: /var/www/html/
"
1110710174,error_log,218.1.111.50,"[error] Directory index forbidden by rule: /var/www/html/
"
1110712918,error_log,66.131.126.31,"[error] Directory index forbidden by rule: /var/www/html/
"
1110714119,error_log,69.158.7.209,"[error] Directory index forbidden by rule: /var/www/html/
"
1110719133,error_log,213.129.21.137,"[error] Directory index forbidden by rule: /var/www/html/
"
1110721694,error_log,24.23.244.160,"[error] File does not exist: /var/www/html/scripts
"
1110721696,error_log,24.23.244.160,"[error] File does not exist: /var/www/html/MSADC
"
1110721698,error_log,24.23.244.160,"[error] File does not exist: /var/www/html/c
"
1110721700,error_log,24.23.244.160,"[error] File does not exist: /var/www/html/d
"
1110721702,error_log,24.23.244.160,"[error] File does not exist: /var/www/html/scripts
"
1110721704,error_log,24.23.244.160,"[error] File does not exist: /var/www/html/_vti_bin
"
1110721706,error_log,24.23.244.160,"[error] File does not exist: /var/www/html/_mem_bin
"
1110721708,error_log,24.23.244.160,"[error] File does not exist: /var/www/html/msadc
"
1110721709,error_log,24.23.244.160,"[error] File does not exist: /var/www/html/scripts
"
1110721712,error_log,24.23.244.160,"[error] File does not exist: /var/www/html/scripts
"
1110721715,error_log,24.23.244.160,"[error] File does not exist: /var/www/html/scripts
"
1110721720,error_log,24.23.244.160,"[error] File does not exist: /var/www/html/scripts
"
1110721722,error_log,24.23.244.160,"[error] File does not exist: /var/www/html/scripts
"
1110726164,error_log,24.130.169.87,"[error] Directory index forbidden by rule: /var/www/html/
"
1110729667,error_log,221.237.66.208,"[error] Directory index forbidden by rule: /var/www/html/
"
1110735346,error_log,208.46.133.177,"[error] Directory index forbidden by rule: /var/www/html/
"
1110737151,error_log,218.88.202.208,"[error] Directory index forbidden by rule: /var/www/html/
"
1110738445,error_log,219.186.156.26,"[error] Directory index forbidden by rule: /var/www/html/
"
1110744972,error_log,65.202.33.226,"[error] Directory index forbidden by rule: /var/www/html/
"
1110749098,error_log,208.39.169.124,"[error] Directory index forbidden by rule: /var/www/html/
"
1110751905,error_log,220.110.29.27,"[error] client sent HTTP/1.1 request without hostname (see RFC2616 section 14.23): /
"
1110751905,error_log,220.110.29.27,"[error] client sent HTTP/1.1 request without hostname (see RFC2616 section 14.23): /
"
1110751905,error_log,220.110.29.27,"[error] client sent HTTP/1.1 request without hostname (see RFC2616 section 14.23): /
"
1110751906,error_log,220.110.29.27,"[error] client sent HTTP/1.1 request without hostname (see RFC2616 section 14.23): /
"
1110751906,error_log,220.110.29.27,"[error] client sent HTTP/1.1 request without hostname (see RFC2616 section 14.23): /
"
1110751906,error_log,220.110.29.27,"[error] client sent HTTP/1.1 request without hostname (see RFC2616 section 14.23): /
"
1110751906,error_log,220.110.29.27,"[error] client sent HTTP/1.1 request without hostname (see RFC2616 section 14.23): /
"
1110751906,error_log,220.110.29.27,"[error] client sent HTTP/1.1 request without hostname (see RFC2616 section 14.23): /
"
1110751906,error_log,220.110.29.27,"[error] client sent HTTP/1.1 request without hostname (see RFC2616 section 14.23): /
"
1110751906,error_log,220.110.29.27,"[error] client sent HTTP/1.1 request without hostname (see RFC2616 section 14.23): /
"
1110751907,error_log,220.110.29.27,"[error] client sent HTTP/1.1 request without hostname (see RFC2616 section 14.23): /
"
1110751907,error_log,220.110.29.27,"[error] client sent HTTP/1.1 request without hostname (see RFC2616 section 14.23): /
"
1110751907,error_log,220.110.29.27,"[error] client sent HTTP/1.1 request without hostname (see RFC2616 section 14.23): /
"
1110751907,error_log,220.110.29.27,"[error] client sent HTTP/1.1 request without hostname (see RFC2616 section 14.23): /
"
1110751907,error_log,220.110.29.27,"[error] client sent HTTP/1.1 request without hostname (see RFC2616 section 14.23): /
"
1110751907,error_log,220.110.29.27,"[error] client sent HTTP/1.1 request without hostname (see RFC2616 section 14.23): /
"
1110751907,error_log,220.110.29.27,"[error] client sent HTTP/1.1 request without hostname (see RFC2616 section 14.23): /
"
1110751907,error_log,220.110.29.27,"[error] client sent HTTP/1.1 request without hostname (see RFC2616 section 14.23): /
"
1110751907,error_log,220.110.29.27,"[error] client sent HTTP/1.1 request without hostname (see RFC2616 section 14.23): /
"
1110751907,error_log,220.110.29.27,"[error] client sent HTTP/1.1 request without hostname (see RFC2616 section 14.23): /
"
1110751907,error_log,220.110.29.27,"[error] client sent HTTP/1.1 request without hostname (see RFC2616 section 14.23): /
"
1110751908,error_log,220.110.29.27,"[error] client sent HTTP/1.1 request without hostname (see RFC2616 section 14.23): /
"
1110751908,error_log,220.110.29.27,"[error] client sent HTTP/1.1 request without hostname (see RFC2616 section 14.23): /
"
1110753511,error_log,61.205.6.71,"[error] Directory index forbidden by rule: /var/www/html/
"
1110758852,error_log,68.191.137.235,"[error] Directory index forbidden by rule: /var/www/html/
"
1110768521,error_log,157.91.44.1,"[error] Directory index forbidden by rule: /var/www/html/
"
1110773467,error_log,209.213.220.227,"[error] Directory index forbidden by rule: /var/www/html/
"
1110775615,error_log,218.201.121.99,"[error] Directory index forbidden by rule: /var/www/html/
"
1110783205,error_log,222.166.160.63,"[error] Directory index forbidden by rule: /var/www/html/
"
1110789836,error_log,66.21.127.198,"[error] Directory index forbidden by rule: /var/www/html/
"
1110796823,error_log,24.185.27.145,"[error] Directory index forbidden by rule: /var/www/html/
"
1110798760,error_log,69.246.7.31,"[error] File does not exist: /var/www/html/scripts
"
1110798760,error_log,69.246.7.31,"[error] File does not exist: /var/www/html/MSADC
"
1110798760,error_log,69.246.7.31,"[error] File does not exist: /var/www/html/c
"
1110798761,error_log,69.246.7.31,"[error] File does not exist: /var/www/html/d
"
1110798761,error_log,69.246.7.31,"[error] File does not exist: /var/www/html/scripts
"
1110798761,error_log,69.246.7.31,"[error] File does not exist: /var/www/html/_vti_bin
"
1110798762,error_log,69.246.7.31,"[error] File does not exist: /var/www/html/_mem_bin
"
1110798762,error_log,69.246.7.31,"[error] File does not exist: /var/www/html/msadc
"
1110798762,error_log,69.246.7.31,"[error] File does not exist: /var/www/html/scripts
"
1110798762,error_log,69.246.7.31,"[error] File does not exist: /var/www/html/scripts
"
1110798763,error_log,69.246.7.31,"[error] File does not exist: /var/www/html/scripts
"
1110798763,error_log,69.246.7.31,"[error] File does not exist: /var/www/html/scripts
"
1110798763,error_log,69.246.7.31,"[error] File does not exist: /var/www/html/scripts
"
1110809436,error_log,67.170.0.153,"[error] File does not exist: /var/www/html/scripts
"
1110809437,error_log,67.170.0.153,"[error] File does not exist: /var/www/html/MSADC
"
1110809437,error_log,67.170.0.153,"[error] File does not exist: /var/www/html/c
"
1110809437,error_log,67.170.0.153,"[error] File does not exist: /var/www/html/d
"
1110809438,error_log,67.170.0.153,"[error] File does not exist: /var/www/html/scripts
"
1110809441,error_log,67.170.0.153,"[error] File does not exist: /var/www/html/_vti_bin
"
1110809442,error_log,67.170.0.153,"[error] File does not exist: /var/www/html/_mem_bin
"
1110809442,error_log,67.170.0.153,"[error] File does not exist: /var/www/html/msadc
"
1110809443,error_log,67.170.0.153,"[error] File does not exist: /var/www/html/scripts
"
1110809443,error_log,67.170.0.153,"[error] File does not exist: /var/www/html/scripts
"
1110809444,error_log,67.170.0.153,"[error] File does not exist: /var/www/html/scripts
"
1110809444,error_log,67.170.0.153,"[error] File does not exist: /var/www/html/scripts
"
1110809445,error_log,67.170.0.153,"[error] File does not exist: /var/www/html/scripts
"
1110813217,error_log,222.166.160.3,"[error] Directory index forbidden by rule: /var/www/html/
"
1110816072,error_log,61.10.7.140,"[error] Directory index forbidden by rule: /var/www/html/
"
1110819867,error_log,61.232.252.176,"[error] Directory index forbidden by rule: /var/www/html/
"
1110836931,error_log,219.133.25.250,"[error] Directory index forbidden by rule: /var/www/html/
"
1110837042,error_log,139.68.4.4,"[error] Directory index forbidden by rule: /var/www/html/
"
1110839736,error_log,204.102.106.103,"[error] Directory index forbidden by rule: /var/www/html/
"
1110849888,error_log,61.10.7.68,"[error] Directory index forbidden by rule: /var/www/html/
"
1110850112,error_log,67.136.86.162,"[error] Directory index forbidden by rule: /var/www/html/
"
1110851183,error_log,157.91.48.191,"[error] Directory index forbidden by rule: /var/www/html/
"
1110856839,error_log,67.154.159.190,"[error] Directory index forbidden by rule: /var/www/html/
"
1110863210,error_log,81.181.146.13,"[error] script not found or unable to stat: /var/www/cgi-bin/awstats
"
1110863210,error_log,81.181.146.13,"[error] script not found or unable to stat: /var/www/cgi-bin/awstats
"
1110863210,error_log,81.181.146.13,"[error] script not found or unable to stat: /var/www/cgi-bin/awstats
"
1110863210,error_log,81.181.146.13,"[error] script not found or unable to stat: /var/www/cgi-bin/awstats
"
1110863211,error_log,81.181.146.13,"[error] script not found or unable to stat: /var/www/cgi-bin/awstats
"
1110863212,error_log,81.181.146.13,"[error] script not found or unable to stat: /var/www/cgi-bin/awstats
"
1110863212,error_log,81.181.146.13,"[error] script not found or unable to stat: /var/www/cgi-bin/awstats
"
1110863212,error_log,81.181.146.13,"[error] script not found or unable to stat: /var/www/cgi-bin/awstats
"
1110863212,error_log,81.181.146.13,"[error] script not found or unable to stat: /var/www/cgi-bin/awstats
"
1110863213,error_log,81.181.146.13,"[error] script not found or unable to stat: /var/www/cgi-bin/awstats
"
1110863213,error_log,81.181.146.13,"[error] script not found or unable to stat: /var/www/cgi-bin/awstats
"
1110863213,error_log,81.181.146.13,"[error] script not found or unable to stat: /var/www/cgi-bin/awstats
"
1110863213,error_log,81.181.146.13,"[error] Premature end of script headers: awstats.pl
"
1110863213,error_log,81.181.146.13,"[error] Premature end of script headers: awstats.pl
"
1110863213,error_log,81.181.146.13,"[error] Premature end of script headers: awstats.pl
"
1110863213,error_log,81.181.146.13,"[error] /usr/bin/perl: relocation error: /lib/tls/libpthread.so.0: symbol errno, version GLIBC_PRIVATE not defined in file libc.so.6 with link time reference
"
1110863213,error_log,81.181.146.13,"[error] /usr/bin/perl: relocation error: /lib/tls/libpthread.so.0: symbol errno, version GLIBC_PRIVATE not defined in file libc.so.6 with link time reference
"
1110863213,error_log,81.181.146.13,"[error] /usr/bin/perl: relocation error: /lib/tls/libpthread.so.0: symbol errno, version GLIBC_PRIVATE not defined in file libc.so.6 with link time reference
"
1110863213,error_log,81.181.146.13,"[error] script not found or unable to stat: /var/www/cgi-bin/awstats
"
1110863213,error_log,81.181.146.13,"[error] Premature end of script headers: awstats.pl
"
1110863213,error_log,81.181.146.13,"[error] /usr/bin/perl: relocation error: /lib/tls/libpthread.so.0: symbol errno, version GLIBC_PRIVATE not defined in file libc.so.6 with link time reference
"
1110863213,error_log,81.181.146.13,"[error] script not found or unable to stat: /var/www/cgi-bin/awstats
"
1110863213,error_log,81.181.146.13,"[error] Premature end of script headers: awstats.pl
"
1110863213,error_log,81.181.146.13,"[error] /usr/bin/perl: relocation error: /lib/tls/libpthread.so.0: symbol errno, version GLIBC_PRIVATE not defined in file libc.so.6 with link time reference
"
1110863214,error_log,81.181.146.13,"[error] Premature end of script headers: awstats.pl
"
1110863214,error_log,81.181.146.13,"[error] /usr/bin/perl: relocation error: /lib/tls/libpthread.so.0: symbol errno, version GLIBC_PRIVATE not defined in file libc.so.6 with link time reference
"
1110863214,error_log,81.181.146.13,"[error] File does not exist: /var/www/html/cgi
"
1110863215,error_log,81.181.146.13,"[error] Directory index forbidden by rule: /var/www/html/
"
1110863215,error_log,81.181.146.13,"[error] File does not exist: /var/www/html/cgi
"
1110863215,error_log,81.181.146.13,"[error] Premature end of script headers: awstats.pl
"
1110863215,error_log,81.181.146.13,"[error] /usr/bin/perl: relocation error: /lib/tls/libpthread.so.0: symbol errno, version GLIBC_PRIVATE not defined in file libc.so.6 with link time reference
"
1110863215,error_log,81.181.146.13,"[error] File does not exist: /var/www/html/cgi
"
1110863216,error_log,81.181.146.13,"[error] Premature end of script headers: awstats.pl
"
1110863216,error_log,81.181.146.13,"[error] /usr/bin/perl: relocation error: /lib/tls/libpthread.so.0: symbol errno, version GLIBC_PRIVATE not defined in file libc.so.6 with link time reference
"
1110863216,error_log,81.181.146.13,"[error] File does not exist: /var/www/html/cgi
"
1110863217,error_log,81.181.146.13,"[error] Premature end of script headers: awstats.pl
"
1110863217,error_log,81.181.146.13,"[error] /usr/bin/perl: relocation error: /lib/tls/libpthread.so.0: symbol errno, version GLIBC_PRIVATE not defined in file libc.so.6 with link time reference
"
1110863217,error_log,81.181.146.13,"[error] Directory index forbidden by rule: /var/www/html/
"
1110863217,error_log,81.181.146.13,"[error] Premature end of script headers: awstats.pl
"
1110863217,error_log,81.181.146.13,"[error] /usr/bin/perl: relocation error: /lib/tls/libpthread.so.0: symbol errno, version GLIBC_PRIVATE not defined in file libc.so.6 with link time reference
"
1110863218,error_log,81.181.146.13,"[error] File does not exist: /var/www/html/cgi
"
1110863218,error_log,81.181.146.13,"[error] File does not exist: /var/www/html/cgi
"
1110863218,error_log,81.181.146.13,"[error] File does not exist: /var/www/html/cgi
"
1110863218,error_log,81.181.146.13,"[error] File does not exist: /var/www/html/cgi
"
1110863218,error_log,81.181.146.13,"[error] Directory index forbidden by rule: /var/www/html/
"
1110863218,error_log,81.181.146.13,"[error] Directory index forbidden by rule: /var/www/html/
"
1110863219,error_log,81.181.146.13,"[error] File does not exist: /var/www/html/cgi
"
1110863219,error_log,81.181.146.13,"[error] Directory index forbidden by rule: /var/www/html/
"
1110863219,error_log,81.181.146.13,"[error] Directory index forbidden by rule: /var/www/html/
"
1110863219,error_log,81.181.146.13,"[error] Directory index forbidden by rule: /var/www/html/
"
1110863219,error_log,81.181.146.13,"[error] File does not exist: /var/www/html/cgi
"
1110863219,error_log,81.181.146.13,"[error] Directory index forbidden by rule: /var/www/html/
"
1110863219,error_log,81.181.146.13,"[error] Directory index forbidden by rule: /var/www/html/
"
1110863220,error_log,81.181.146.13,"[error] Directory index forbidden by rule: /var/www/html/
"
1110863220,error_log,81.181.146.13,"[error] Premature end of script headers: awstats.pl
"
1110863220,error_log,81.181.146.13,"[error] /usr/bin/perl: relocation error: /lib/tls/libpthread.so.0: symbol errno, version GLIBC_PRIVATE not defined in file libc.so.6 with link time reference
"
1110863220,error_log,81.181.146.13,"[error] Directory index forbidden by rule: /var/www/html/
"
1110863220,error_log,81.181.146.13,"[error] Directory index forbidden by rule: /var/www/html/
"
1110863220,error_log,81.181.146.13,"[error] script not found or unable to stat: /var/www/cgi-bin/awstats
"
1110863220,error_log,81.181.146.13,"[error] Directory index forbidden by rule: /var/www/html/
"
1110863220,error_log,81.181.146.13,"[error] Directory index forbidden by rule: /var/www/html/
"
1110863220,error_log,81.181.146.13,"[error] File does not exist: /var/www/html/cgi
"
1110863221,error_log,81.181.146.13,"[error] File does not exist: /var/www/html/cgi
"
1110863221,error_log,81.181.146.13,"[error] Directory index forbidden by rule: /var/www/html/
"
1110863222,error_log,81.181.146.13,"[error] Directory index forbidden by rule: /var/www/html/
"
1110863224,error_log,81.181.146.13,"[error] Directory index forbidden by rule: /var/www/html/
"
1110868873,error_log,201.9.48.227,"[error] File does not exist: /var/www/html/default.ida
"
1110873194,error_log,217.204.59.69,"[error] Directory index forbidden by rule: /var/www/html/
"
1110885842,error_log,218.6.162.19,"[error] Directory index forbidden by rule: /var/www/html/
"
1110899269,error_log,24.11.17.100,"[error] Directory index forbidden by rule: /var/www/html/
"
1110913113,error_log,65.96.54.37,"[error] File does not exist: /var/www/html/NULL.printer
"
1110925234,error_log,195.70.152.248,"[error] File does not exist: /var/www/html/NULL.printer
"
1110930324,error_log,62.6.139.11,"[error] Directory index forbidden by rule: /var/www/html/
"
1110931788,error_log,211.158.94.106,"[error] Directory index forbidden by rule: /var/www/html/
"
1110934902,error_log,207.228.251.216,"[error] File does not exist: /var/www/html/sumthin
"
1110934902,error_log,207.228.251.216,"[error] File does not exist: /var/www/html/sumthin
"
1110934902,error_log,207.228.251.216,"[error] File does not exist: /var/www/html/sumthin
"
1110934902,error_log,207.228.251.216,"[error] File does not exist: /var/www/html/sumthin
"
1110934902,error_log,207.228.251.216,"[error] File does not exist: /var/www/html/sumthin
"
1110934902,error_log,207.228.251.216,"[error] File does not exist: /var/www/html/sumthin
"
1110934902,error_log,207.228.251.216,"[error] File does not exist: /var/www/html/sumthin
"
1110934903,error_log,207.228.251.216,"[error] File does not exist: /var/www/html/sumthin
"
1110934903,error_log,207.228.251.216,"[error] File does not exist: /var/www/html/sumthin
"
1110934903,error_log,207.228.251.216,"[error] File does not exist: /var/www/html/sumthin
"
1110934903,error_log,207.228.251.216,"[error] File does not exist: /var/www/html/sumthin
"
1110934903,error_log,207.228.251.216,"[error] File does not exist: /var/www/html/sumthin
"
1110934903,error_log,207.228.251.216,"[error] File does not exist: /var/www/html/sumthin
"
1110934903,error_log,207.228.251.216,"[error] File does not exist: /var/www/html/sumthin
"
1110934903,error_log,207.228.251.216,"[error] File does not exist: /var/www/html/sumthin
"
1110934903,error_log,207.228.251.216,"[error] File does not exist: /var/www/html/sumthin
"
1110934903,error_log,207.228.251.216,"[error] File does not exist: /var/www/html/sumthin
"
1110934903,error_log,207.228.251.216,"[error] File does not exist: /var/www/html/sumthin
"
1110934903,error_log,207.228.251.216,"[error] File does not exist: /var/www/html/sumthin
"
1110934903,error_log,207.228.251.216,"[error] File does not exist: /var/www/html/sumthin
"
1110934903,error_log,207.228.251.216,"[error] File does not exist: /var/www/html/sumthin
"
1110934903,error_log,207.228.251.216,"[error] File does not exist: /var/www/html/sumthin
"
1110934903,error_log,207.228.251.216,"[error] File does not exist: /var/www/html/sumthin
"
1110941142,error_log,218.11.95.43,"[error] File does not exist: /var/www/html/scripts
"
1110941146,error_log,218.11.95.43,"[error] File does not exist: /var/www/html/MSADC
"
1110941150,error_log,218.11.95.43,"[error] File does not exist: /var/www/html/c
"
1110941154,error_log,218.11.95.43,"[error] File does not exist: /var/www/html/d
"
1110941155,error_log,218.11.95.43,"[error] File does not exist: /var/www/html/scripts
"
1110941160,error_log,218.11.95.43,"[error] File does not exist: /var/www/html/_vti_bin
"
1110941161,error_log,218.11.95.43,"[error] File does not exist: /var/www/html/_mem_bin
"
1110941162,error_log,218.11.95.43,"[error] File does not exist: /var/www/html/msadc
"
1110951640,error_log,69.67.42.139,"[error] File does not exist: /var/www/html/scripts
"
1110953496,error_log,66.134.74.113,"[error] Directory index forbidden by rule: /var/www/html/
"
1110958184,error_log,204.102.106.121,"[error] Directory index forbidden by rule: /var/www/html/
"
1110962881,error_log,68.166.35.226,"[error] Directory index forbidden by rule: /var/www/html/
"
1110963224,error_log,61.10.7.209,"[error] Directory index forbidden by rule: /var/www/html/
"
1110965655,error_log,207.243.156.65,"[error] Directory index forbidden by rule: /var/www/html/
"
1110969323,error_log,71.16.50.10,"[error] File does not exist: /var/www/html/scripts
"
1110969324,error_log,71.16.50.10,"[error] File does not exist: /var/www/html/MSADC
"
1110969324,error_log,71.16.50.10,"[error] File does not exist: /var/www/html/c
"
1110969325,error_log,71.16.50.10,"[error] File does not exist: /var/www/html/d
"
1110969325,error_log,71.16.50.10,"[error] File does not exist: /var/www/html/scripts
"
1110969325,error_log,71.16.50.10,"[error] File does not exist: /var/www/html/_vti_bin
"
1110969326,error_log,71.16.50.10,"[error] File does not exist: /var/www/html/_mem_bin
"
1110969326,error_log,71.16.50.10,"[error] File does not exist: /var/www/html/msadc
"
1110969326,error_log,71.16.50.10,"[error] File does not exist: /var/www/html/scripts
"
1110969327,error_log,71.16.50.10,"[error] File does not exist: /var/www/html/scripts
"
1110969327,error_log,71.16.50.10,"[error] File does not exist: /var/www/html/scripts
"
1110969328,error_log,71.16.50.10,"[error] File does not exist: /var/www/html/scripts
"
1110969328,error_log,71.16.50.10,"[error] File does not exist: /var/www/html/scripts
"
1110976930,error_log,66.171.199.116,"[error] Directory index forbidden by rule: /var/www/html/
"
1110979420,error_log,64.83.24.184,"[error] Directory index forbidden by rule: /var/www/html/
"
1110980816,error_log,66.30.71.74,"[error] File does not exist: /var/www/html/NULL.printer
"
1110983346,error_log,208.62.177.10,"[error] Directory index forbidden by rule: /var/www/html/
"
1110983368,error_log,209.120.201.177,"[error] File does not exist: /var/www/html/scripts
"
1110983369,error_log,209.120.201.177,"[error] File does not exist: /var/www/html/MSADC
"
1110983371,error_log,209.120.201.177,"[error] File does not exist: /var/www/html/c
"
1110983372,error_log,209.120.201.177,"[error] File does not exist: /var/www/html/d
"
1110983373,error_log,209.120.201.177,"[error] File does not exist: /var/www/html/scripts
"
1110983374,error_log,209.120.201.177,"[error] File does not exist: /var/www/html/_vti_bin
"
1110983375,error_log,209.120.201.177,"[error] File does not exist: /var/www/html/_mem_bin
"
1110983376,error_log,209.120.201.177,"[error] File does not exist: /var/www/html/msadc
"
1110983378,error_log,209.120.201.177,"[error] File does not exist: /var/www/html/scripts
"
1110983381,error_log,209.120.201.177,"[error] File does not exist: /var/www/html/scripts
"
1110983382,error_log,209.120.201.177,"[error] File does not exist: /var/www/html/scripts
"
1110983385,error_log,209.120.201.177,"[error] File does not exist: /var/www/html/scripts
"
1110983386,error_log,209.120.201.177,"[error] File does not exist: /var/www/html/scripts
"
1110987905,error_log,65.16.76.54,"[error] File does not exist: /var/www/html/_vti_bin
"
1110988230,error_log,65.16.76.54,"[error] File does not exist: /var/www/html/_vti_bin
"
1110997397,error_log,218.85.9.143,"[error] Directory index forbidden by rule: /var/www/html/
"
1110997397,error_log,218.85.9.143,"[error] Directory index forbidden by rule: /var/www/html/
"
1110997398,error_log,218.85.9.143,"[error] Directory index forbidden by rule: /var/www/html/
"
1110997398,error_log,218.85.9.143,"[error] Directory index forbidden by rule: /var/www/html/
"
1110997398,error_log,218.85.9.143,"[error] Directory index forbidden by rule: /var/www/html/
"
1110997398,error_log,218.85.9.143,"[error] Directory index forbidden by rule: /var/www/html/
"
1110997398,error_log,218.85.9.143,"[error] Directory index forbidden by rule: /var/www/html/
"
1110997399,error_log,218.85.9.143,"[error] Directory index forbidden by rule: /var/www/html/
"
1110997399,error_log,218.85.9.143,"[error] Directory index forbidden by rule: /var/www/html/
"
1110997399,error_log,218.85.9.143,"[error] Directory index forbidden by rule: /var/www/html/
"
1110997400,error_log,218.85.9.143,"[error] Directory index forbidden by rule: /var/www/html/
"
1110997400,error_log,218.85.9.143,"[error] Directory index forbidden by rule: /var/www/html/
"
1110997401,error_log,218.85.9.143,"[error] Directory index forbidden by rule: /var/www/html/
"
1110997401,error_log,218.85.9.143,"[error] Directory index forbidden by rule: /var/www/html/
"
1110997401,error_log,218.85.9.143,"[error] Directory index forbidden by rule: /var/www/html/
"
1111000130,error_log,67.81.23.243,"[error] Directory index forbidden by rule: /var/www/html/
"
1111002115,error_log,202.122.16.7,"[error] File does not exist: /var/www/html/_vti_bin
"
1111002561,error_log,220.170.151.237,"[error] Directory index forbidden by rule: /var/www/html/
"
1111005318,error_log,64.83.24.184,"[error] Directory index forbidden by rule: /var/www/html/
"
1111018092,error_log,222.166.160.138,"[error] Directory index forbidden by rule: /var/www/html/
"
1111034535,error_log,61.10.7.45,"[error] Directory index forbidden by rule: /var/www/html/
"
1111037480,error_log,69.107.121.41,"[error] Directory index forbidden by rule: /var/www/html/
"
1111038184,error_log,201.9.104.83,"[error] File does not exist: /var/www/html/default.ida
"
1111047996,error_log,207.10.54.33,"[error] Directory index forbidden by rule: /var/www/html/
"
1111050725,error_log,68.98.176.140,"[error] Directory index forbidden by rule: /var/www/html/
"
1111053985,error_log,68.250.190.161,"[error] Directory index forbidden by rule: /var/www/html/
"
1111059507,error_log,219.150.244.58,"[error] Directory index forbidden by rule: /var/www/html/
"
